id,name,welfare_mean,salary_mean,ft_salary_mean,ft_salary_med,pt_fe_ratio,oa_num,oa_ratio
1101,台泥,1184.00 ,1043.00 ,1082.00 ,958.00 ,0.26 ,1,0.00 
1102,亞泥,1353.00 ,1214.00 ,1110.00 ,1003.00 ,0.22 ,0,0.00 
1103,嘉泥,1797.00 ,1553.00 ,1139.00 ,923.00 ,0.40 ,0,0.00 
1104,環泥,992.00 ,842.00 ,760.00 ,678.00 ,0.18 ,0,0.00 
1108,幸福,640.00 ,523.00 ,523.00 ,478.00 ,0.29 ,3,0.01 
1109,信大,772.00 ,641.00 ,664.00 ,624.00 ,0.30 ,0,0.00 
1110,東泥,776.00 ,615.00 ,603.00 ,587.00 ,0.18 ,1,0.01 
1201,味全,887.00 ,745.00 ,735.00 ,657.00 ,0.28 ,6,0.04 
1203,味王,649.00 ,566.00 ,585.00 ,555.00 ,0.09 ,5,0.01 
1210,大成,827.00 ,696.00 ,697.00 ,598.00 ,0.15 ,13,0.01 
1213,大飲,513.00 ,435.00 ,446.00 ,402.00 ,0.03 ,0,0.00 
1215,卜蜂,892.00 ,766.00 ,579.00 ,497.00 ,0.06 ,18,0.01 
1216,統一,1408.00 ,1244.00 ,1217.00 ,1043.00 ,0.22 ,5,0.00 
1217,愛之味,804.00 ,671.00 ,684.00 ,582.00 ,0.34 ,5,0.01 
1218,泰山,946.00 ,803.00 ,737.00 ,634.00 ,0.24 ,7,0.01 
1219,福壽,807.00 ,675.00 ,647.00 ,599.00 ,0.14 ,8,0.01 
1220,台榮,696.00 ,582.00 ,603.00 ,553.00 ,0.14 ,1,0.00 
1225,福懋油,902.00 ,767.00 ,701.00 ,614.00 ,0.09 ,2,0.01 
1227,佳格,1195.00 ,981.00 ,827.00 ,758.00 ,0.30 ,8,0.01 
1229,聯華,4077.00 ,3804.00 ,738.00 ,673.00 ,0.22 ,0,0.00 
1231,聯華食,787.00 ,661.00 ,634.00 ,534.00 ,0.30 ,21,0.00 
1232,大統益,1996.00 ,1758.00 ,1591.00 ,1382.00 ,0.27 ,1,0.01 
1233,天仁,480.00 ,394.00 ,509.00 ,455.00 ,0.45 ,16,0.01 
1234,黑松,935.00 ,773.00 ,779.00 ,577.00 ,0.13 ,4,0.01 
1235,興泰,492.00 ,410.00 ,395.00 ,406.00 ,0.33 ,1,0.05 
1236,宏亞,598.00 ,500.00 ,487.00 ,457.00 ,0.47 ,6,0.01 
1256,鮮活果汁-KY,N/A,N/A,N/A,N/A,0.34 ,24,0.03 
1301,台塑,1475.00 ,1276.00 ,1506.00 ,1403.00 ,0.07 ,6,0.00 
1303,南亞,1401.00 ,1242.00 ,1410.00 ,1369.00 ,0.04 ,8,0.00 
1304,台聚,1858.00 ,1609.00 ,1471.00 ,1318.00 ,0.01 ,0,0.00 
1305,華夏,1366.00 ,1188.00 ,1190.00 ,1165.00 ,0.03 ,4,0.01 
1307,三芳,806.00 ,675.00 ,627.00 ,600.00 ,0.10 ,1,0.00 
1308,亞聚,1714.00 ,1462.00 ,1439.00 ,1346.00 ,0.03 ,0,0.00 
1309,台達化,1568.00 ,1353.00 ,1366.00 ,1280.00 ,0.15 ,0,0.00 
1310,台苯,1374.00 ,1117.00 ,1059.00 ,1018.00 ,0.20 ,2,0.01 
1312,國喬,1916.00 ,1567.00 ,1590.00 ,1426.00 ,0.27 ,0,0.00 
1313,聯成,1789.00 ,1544.00 ,1281.00 ,891.00 ,0.31 ,2,0.01 
1314,中石化,1395.00 ,1234.00 ,989.00 ,899.00 ,0.06 ,1,0.00 
1315,達新,765.00 ,615.00 ,599.00 ,520.00 ,0.44 ,2,0.01 
1316,上曜,1401.00 ,1285.00 ,669.00 ,592.00 ,0.07 ,0,0.00 
1319,東陽,679.00 ,564.00 ,619.00 ,532.00 ,0.13 ,0,0.00 
1321,大洋,909.00 ,752.00 ,809.00 ,750.00 ,0.08 ,4,0.01 
1323,永裕,701.00 ,596.00 ,597.00 ,513.00 ,0.26 ,1,0.00 
1324,地球,713.00 ,591.00 ,556.00 ,456.00 ,0.30 ,0,0.00 
1325,恆大,560.00 ,452.00 ,473.00 ,389.00 ,0.50 ,0,0.00 
1326,台化,1744.00 ,1515.00 ,1528.00 ,1435.00 ,0.01 ,3,0.00 
1337,再生-KY,N/A,N/A,N/A,N/A,0.14 ,0,0.00 
1338,廣華-KY,N/A,N/A,N/A,N/A,0.27 ,0,0.00 
1339,昭輝,679.00 ,567.00 ,510.00 ,449.00 ,0.42 ,3,0.01 
1340,勝悅-KY,N/A,N/A,N/A,N/A,0.00 ,0,0.00 
1341,富林-KY,N/A,N/A,N/A,N/A,0.22 ,11,0.01 
1342,八貫,812.00 ,718.00 ,643.00 ,510.00 ,0.33 ,7,0.02 
1402,遠東新,1286.00 ,1103.00 ,976.00 ,849.00 ,0.19 ,101,0.01 
1409,新纖,907.00 ,778.00 ,761.00 ,611.00 ,0.09 ,3,0.00 
1410,南染,673.00 ,580.00 ,537.00 ,547.00 ,0.41 ,0,0.00 
1413,宏洲,741.00 ,623.00 ,648.00 ,614.00 ,0.18 ,2,0.01 
1414,東和,675.00 ,557.00 ,564.00 ,527.00 ,0.18 ,4,0.02 
1416,廣豐,1613.00 ,1250.00 ,766.00 ,781.00 ,0.43 ,0,0.00 
1417,嘉裕,663.00 ,558.00 ,551.00 ,446.00 ,0.54 ,3,0.01 
1418,東華,994.00 ,694.00 ,542.00 ,478.00 ,0.14 ,0,0.00 
1419,新紡,792.00 ,672.00 ,652.00 ,564.00 ,0.56 ,0,0.00 
1423,利華,742.00 ,619.00 ,508.00 ,442.00 ,0.33 ,1,0.01 
1432,大魯閣,377.00 ,297.00 ,430.00 ,364.00 ,0.33 ,18,0.03 
1434,福懋,600.00 ,504.00 ,567.00 ,507.00 ,0.17 ,14,0.00 
1435,中福,827.00 ,757.00 ,1005.00 ,552.00 ,0.67 ,0,0.00 
1436,華友聯,1187.00 ,1005.00 ,866.00 ,842.00 ,0.07 ,1,0.02 
1437,勤益控,3654.00 ,3355.00 ,696.00 ,415.00 ,0.25 ,0,0.00 
1438,三地開發,843.00 ,724.00 ,468.00 ,443.00 ,0.40 ,0,0.00 
1439,雋揚,1548.00 ,1280.00 ,911.00 ,898.00 ,0.13 ,0,0.00 
1440,南紡,783.00 ,663.00 ,631.00 ,560.00 ,0.10 ,9,0.01 
1441,大東,830.00 ,697.00 ,600.00 ,559.00 ,0.19 ,0,0.00 
1442,名軒,1237.00 ,1022.00 ,871.00 ,808.00 ,0.50 ,0,0.00 
1443,立益物流,784.00 ,664.00 ,604.00 ,574.00 ,0.15 ,0,0.00 
1444,力麗,690.00 ,565.00 ,563.00 ,488.00 ,0.23 ,7,0.01 
1445,大宇,676.00 ,571.00 ,539.00 ,471.00 ,0.20 ,0,0.00 
1446,宏和,685.00 ,574.00 ,577.00 ,476.00 ,0.15 ,0,0.00 
1447,力鵬,735.00 ,591.00 ,555.00 ,499.00 ,0.24 ,3,0.01 
1449,佳和,588.00 ,492.00 ,503.00 ,482.00 ,0.32 ,2,0.00 
1451,年興,744.00 ,634.00 ,595.00 ,526.00 ,0.22 ,1,0.00 
1452,宏益,959.00 ,823.00 ,740.00 ,626.00 ,0.33 ,17,0.07 
1453,大將,727.00 ,598.00 ,498.00 ,479.00 ,0.25 ,0,0.00 
1454,台富,649.00 ,541.00 ,515.00 ,449.00 ,0.07 ,0,0.00 
1455,集盛,827.00 ,701.00 ,691.00 ,587.00 ,0.12 ,4,0.00 
1456,怡華,881.00 ,746.00 ,623.00 ,626.00 ,0.13 ,0,0.00 
1457,宜進,914.00 ,737.00 ,600.00 ,589.00 ,0.56 ,0,0.00 
1459,聯發,694.00 ,575.00 ,499.00 ,447.00 ,0.14 ,0,0.00 
1460,宏遠,707.00 ,580.00 ,543.00 ,501.00 ,0.03 ,21,0.01 
1463,強盛,626.00 ,536.00 ,537.00 ,500.00 ,0.17 ,0,0.00 
1464,得力,639.00 ,545.00 ,535.00 ,494.00 ,0.32 ,11,0.01 
1465,偉全,510.00 ,414.00 ,462.00 ,428.00 ,0.25 ,0,0.00 
1466,聚隆,765.00 ,647.00 ,651.00 ,600.00 ,0.35 ,2,0.01 
1467,南緯,786.00 ,640.00 ,696.00 ,597.00 ,0.61 ,2,0.01 
1468,昶和,802.00 ,667.00 ,557.00 ,507.00 ,0.20 ,0,0.00 
1470,大統新創,756.00 ,660.00 ,591.00 ,521.00 ,0.34 ,0,0.00 
1471,首利,1085.00 ,925.00 ,760.00 ,762.00 ,0.25 ,0,0.00 
1472,三洋實業,665.00 ,548.00 ,426.00 ,354.00 ,0.40 ,0,0.00 
1473,台南,725.00 ,623.00 ,532.00 ,451.00 ,0.77 ,2,0.00 
1474,弘裕,727.00 ,629.00 ,572.00 ,505.00 ,0.14 ,1,0.00 
1475,業旺,839.00 ,702.00 ,529.00 ,495.00 ,0.10 ,0,0.00 
1476,儒鴻,1080.00 ,943.00 ,879.00 ,760.00 ,0.36 ,6,0.00 
1477,聚陽,1924.00 ,1747.00 ,1348.00 ,1226.00 ,0.50 ,0,0.00 
1503,士電,1204.00 ,1063.00 ,1016.00 ,841.00 ,0.08 ,0,0.00 
1504,東元,1059.00 ,910.00 ,877.00 ,717.00 ,0.22 ,2,0.00 
1506,正道,727.00 ,597.00 ,521.00 ,466.00 ,0.42 ,1,0.00 
1512,瑞利,634.00 ,513.00 ,537.00 ,492.00 ,0.17 ,0,0.00 
1513,中興電,956.00 ,796.00 ,809.00 ,702.00 ,0.15 ,3,0.00 
1514,亞力,984.00 ,838.00 ,825.00 ,725.00 ,0.02 ,1,0.00 
1515,力山,591.00 ,510.00 ,563.00 ,486.00 ,0.14 ,98,0.06 
1516,川飛,845.00 ,749.00 ,521.00 ,694.00 ,0.00 ,0,0.00 
1517,利奇,605.00 ,504.00 ,534.00 ,502.00 ,0.08 ,5,0.01 
1519,華城,1016.00 ,861.00 ,826.00 ,708.00 ,0.13 ,5,0.01 
1521,大億,729.00 ,604.00 ,613.00 ,565.00 ,0.12 ,0,0.00 
1522,堤維西,668.00 ,549.00 ,575.00 ,525.00 ,0.20 ,16,0.01 
1524,耿鼎,654.00 ,546.00 ,521.00 ,458.00 ,0.08 ,4,0.01 
1525,江申,690.00 ,570.00 ,580.00 ,519.00 ,0.19 ,1,0.00 
1526,日馳,859.00 ,748.00 ,598.00 ,415.00 ,0.20 ,0,0.00 
1527,鑽全,725.00 ,625.00 ,607.00 ,540.00 ,0.01 ,8,0.01 
1528,恩德,978.00 ,861.00 ,657.00 ,572.00 ,0.04 ,0,0.00 
1529,樂事綠能,633.00 ,506.00 ,525.00 ,480.00 ,0.10 ,0,0.00 
1530,亞崴,731.00 ,617.00 ,664.00 ,539.00 ,0.09 ,1,0.01 
1531,高林股,937.00 ,796.00 ,661.00 ,630.00 ,0.19 ,1,0.01 
1532,勤美,958.00 ,811.00 ,769.00 ,615.00 ,0.32 ,1,0.00 
1533,車王電,673.00 ,563.00 ,596.00 ,510.00 ,0.00 ,0,0.00 
1535,中宇,1154.00 ,1009.00 ,1025.00 ,935.00 ,0.08 ,0,0.00 
1536,和大,800.00 ,644.00 ,636.00 ,607.00 ,0.09 ,11,0.01 
1537,廣隆,1032.00 ,873.00 ,791.00 ,644.00 ,0.24 ,0,0.00 
1538,正峰,809.00 ,686.00 ,475.00 ,444.00 ,0.31 ,1,0.01 
1539,巨庭,629.00 ,510.00 ,476.00 ,417.00 ,0.17 ,0,0.00 
1540,喬福,707.00 ,578.00 ,542.00 ,512.00 ,0.00 ,0,0.00 
1541,錩泰,696.00 ,590.00 ,587.00 ,537.00 ,0.23 ,0,0.00 
1558,伸興,1047.00 ,874.00 ,886.00 ,831.00 ,0.44 ,10,0.00 
1560,中砂,908.00 ,761.00 ,762.00 ,699.00 ,0.07 ,12,0.01 
1568,倉佑,691.00 ,557.00 ,570.00 ,526.00 ,0.26 ,5,0.01 
1582,信錦,1189.00 ,1015.00 ,940.00 ,803.00 ,0.15 ,0,0.00 
1583,程泰,788.00 ,629.00 ,651.00 ,587.00 ,0.17 ,2,0.01 
1587,吉茂,699.00 ,594.00 ,564.00 ,541.00 ,0.28 ,0,0.00 
1589,永冠-KY,N/A,N/A,N/A,N/A,0.16 ,75,0.00 
1590,亞德客-KY,N/A,N/A,N/A,N/A,0.10 ,85,0.01 
1597,直得,900.00 ,770.00 ,740.00 ,665.00 ,0.31 ,1,0.00 
1598,岱宇,742.00 ,620.00 ,598.00 ,508.00 ,0.28 ,3,0.00 
1603,華電,692.00 ,598.00 ,538.00 ,472.00 ,0.28 ,9,0.02 
1604,聲寶,1040.00 ,882.00 ,798.00 ,715.00 ,0.08 ,0,0.00 
1605,華新,1152.00 ,1032.00 ,1190.00 ,967.00 ,0.18 ,17,0.01 
1608,華榮,895.00 ,755.00 ,790.00 ,769.00 ,0.15 ,2,0.00 
1609,大亞,1259.00 ,1121.00 ,927.00 ,860.00 ,0.16 ,12,0.02 
1611,中電,866.00 ,698.00 ,1635.00 ,1100.00 ,0.05 ,0,0.00 
1612,宏泰,1295.00 ,1160.00 ,1188.00 ,991.00 ,0.00 ,1,0.00 
1614,三洋電,522.00 ,418.00 ,567.00 ,549.00 ,0.01 ,12,0.01 
1615,大山,813.00 ,688.00 ,616.00 ,558.00 ,0.24 ,4,0.02 
1616,億泰,774.00 ,648.00 ,601.00 ,539.00 ,0.14 ,0,0.00 
1617,榮星,906.00 ,793.00 ,698.00 ,640.00 ,0.02 ,0,0.00 
1618,合機,826.00 ,692.00 ,676.00 ,640.00 ,0.30 ,5,0.02 
1626,艾美特-KY,N/A,N/A,N/A,N/A,0.23 ,13,0.00 
1701,中化,866.00 ,722.00 ,696.00 ,577.00 ,0.42 ,15,0.01 
1702,南僑,2853.00 ,2627.00 ,1009.00 ,729.00 ,0.38 ,0,0.00 
1707,葡萄王,1077.00 ,950.00 ,827.00 ,796.00 ,0.46 ,1,0.00 
1708,東鹼,1144.00 ,997.00 ,955.00 ,886.00 ,0.38 ,0,0.00 
1709,和益,2157.00 ,1982.00 ,1706.00 ,1527.00 ,0.13 ,0,0.00 
1710,東聯,1464.00 ,1132.00 ,1061.00 ,981.00 ,0.02 ,3,0.01 
1711,永光,903.00 ,767.00 ,741.00 ,707.00 ,0.13 ,4,0.00 
1712,興農,907.00 ,781.00 ,732.00 ,654.00 ,0.18 ,4,0.00 
1713,國化,975.00 ,846.00 ,743.00 ,706.00 ,0.36 ,0,0.00 
1714,和桐,913.00 ,743.00 ,751.00 ,629.00 ,0.37 ,0,0.00 
1717,長興,1214.00 ,1023.00 ,979.00 ,824.00 ,0.15 ,3,0.00 
1718,中纖,813.00 ,652.00 ,674.00 ,614.00 ,0.25 ,2,0.00 
1720,生達,873.00 ,740.00 ,796.00 ,699.00 ,0.44 ,8,0.01 
1721,三晃,870.00 ,709.00 ,716.00 ,685.00 ,0.22 ,13,0.03 
1722,台肥,1577.00 ,1381.00 ,1359.00 ,1186.00 ,0.13 ,3,0.06 
1723,中碳,1717.00 ,1508.00 ,1311.00 ,1234.00 ,0.08 ,0,0.00 
1725,元禎,949.00 ,764.00 ,738.00 ,626.00 ,0.13 ,0,0.00 
1726,永記,883.00 ,757.00 ,736.00 ,670.00 ,0.06 ,21,0.03 
1727,中華化,770.00 ,642.00 ,638.00 ,585.00 ,0.26 ,0,0.00 
1730,花仙子,1211.00 ,1032.00 ,822.00 ,700.00 ,0.38 ,0,0.00 
1731,美吾華,862.00 ,734.00 ,647.00 ,548.00 ,0.59 ,0,0.00 
1732,毛寶,646.00 ,546.00 ,530.00 ,462.00 ,0.50 ,0,0.00 
1733,五鼎,709.00 ,600.00 ,608.00 ,533.00 ,0.42 ,7,0.01 
1734,杏輝,682.00 ,559.00 ,538.00 ,491.00 ,0.42 ,26,0.00 
1735,日勝化,888.00 ,743.00 ,685.00 ,610.00 ,0.20 ,212,0.00 
1736,喬山,835.00 ,706.00 ,692.00 ,589.00 ,0.21 ,7,0.01 
1737,臺鹽,1128.00 ,954.00 ,950.00 ,872.00 ,0.26 ,484,0.00 
1752,南光,641.00 ,536.00 ,530.00 ,470.00 ,0.01 ,9,0.01 
1760,寶齡富錦,1021.00 ,867.00 ,773.00 ,598.00 ,0.49 ,4,0.01 
1762,中化生,1157.00 ,992.00 ,962.00 ,848.00 ,0.22 ,0,0.00 
1773,勝一,1452.00 ,1288.00 ,1086.00 ,932.00 ,0.09 ,6,0.01 
1776,展宇,928.00 ,787.00 ,667.00 ,622.00 ,0.04 ,4,0.03 
1783,和康生,918.00 ,784.00 ,609.00 ,520.00 ,0.43 ,0,0.00 
1786,科妍,1005.00 ,844.00 ,656.00 ,558.00 ,0.27 ,0,0.00 
1789,神隆,1047.00 ,883.00 ,802.00 ,721.00 ,0.35 ,17,0.03 
1795,美時,1198.00 ,908.00 ,1030.00 ,754.00 ,0.37 ,2,0.00 
1802,台玻,811.00 ,692.00 ,717.00 ,680.00 ,0.12 ,93,0.02 
1805,寶徠,1192.00 ,1042.00 ,727.00 ,654.00 ,0.20 ,0,0.00 
1806,冠軍,788.00 ,604.00 ,623.00 ,563.00 ,0.02 ,10,0.00 
1808,潤隆,1409.00 ,1196.00 ,991.00 ,850.00 ,0.20 ,0,0.00 
1809,中釉,834.00 ,711.00 ,679.00 ,406.00 ,0.05 ,0,0.00 
1810,和成,816.00 ,704.00 ,671.00 ,590.00 ,0.09 ,3,0.00 
1817,凱撒衛,913.00 ,791.00 ,744.00 ,623.00 ,0.25 ,0,0.00 
1903,士紙,1044.00 ,905.00 ,579.00 ,526.00 ,0.21 ,0,0.00 
1904,正隆,1177.00 ,1026.00 ,1003.00 ,941.00 ,0.06 ,6,0.00 
1905,華紙,948.00 ,800.00 ,769.00 ,708.00 ,0.11 ,2,0.00 
1906,寶隆,1273.00 ,1071.00 ,714.00 ,787.00 ,0.01 ,0,0.00 
1907,永豐餘,2736.00 ,2539.00 ,821.00 ,726.00 ,0.18 ,63,0.01 
1909,榮成,946.00 ,814.00 ,733.00 ,697.00 ,0.06 ,5,0.00 
2002,中鋼,2741.00 ,2466.00 ,2360.00 ,2226.00 ,0.02 ,3,0.00 
2006,東和鋼鐵,1306.00 ,1151.00 ,1180.00 ,1139.00 ,0.08 ,18,0.01 
2007,燁興,831.00 ,619.00 ,662.00 ,627.00 ,0.06 ,3,0.01 
2008,高興昌,662.00 ,536.00 ,508.00 ,477.00 ,0.15 ,2,0.01 
2009,第一銅,811.00 ,685.00 ,695.00 ,682.00 ,0.04 ,4,0.02 
2010,春源,831.00 ,690.00 ,710.00 ,639.00 ,0.08 ,22,0.02 
2012,春雨,859.00 ,756.00 ,626.00 ,571.00 ,0.19 ,6,0.01 
2013,中鋼構,1836.00 ,1598.00 ,1522.00 ,1352.00 ,0.02 ,0,0.00 
2014,中鴻,1818.00 ,1513.00 ,1475.00 ,1412.00 ,0.04 ,1,0.00 
2015,豐興,1347.00 ,1168.00 ,1108.00 ,989.00 ,0.25 ,23,0.03 
2017,官田鋼,643.00 ,527.00 ,602.00 ,485.00 ,0.21 ,13,0.04 
2020,美亞,1068.00 ,754.00 ,812.00 ,795.00 ,0.26 ,5,0.02 
2022,聚亨,736.00 ,620.00 ,577.00 ,517.00 ,0.12 ,2,0.01 
2023,燁輝,1121.00 ,857.00 ,797.00 ,777.00 ,0.03 ,0,0.00 
2024,志聯,766.00 ,615.00 ,617.00 ,577.00 ,0.29 ,0,0.00 
2025,千興,701.00 ,518.00 ,580.00 ,580.00 ,0.25 ,0,0.00 
2027,大成鋼,1950.00 ,1835.00 ,1735.00 ,1400.00 ,0.21 ,1,0.00 
2028,威致,1086.00 ,844.00 ,895.00 ,851.00 ,0.40 ,6,0.02 
2029,盛餘,1388.00 ,1178.00 ,1212.00 ,1149.00 ,0.08 ,0,0.00 
2030,彰源,854.00 ,733.00 ,704.00 ,568.00 ,0.00 ,0,0.00 
2031,新光鋼,1255.00 ,1053.00 ,988.00 ,813.00 ,0.16 ,2,0.01 
2032,新鋼,698.00 ,563.00 ,583.00 ,554.00 ,0.12 ,5,0.03 
2033,佳大,689.00 ,552.00 ,508.00 ,493.00 ,0.27 ,0,0.00 
2034,允強,1065.00 ,898.00 ,822.00 ,725.00 ,0.20 ,13,0.01 
2038,海光,817.00 ,712.00 ,680.00 ,616.00 ,0.06 ,0,0.00 
2049,上銀,1040.00 ,896.00 ,917.00 ,839.00 ,0.13 ,43,0.01 
2059,川湖,836.00 ,705.00 ,766.00 ,678.00 ,0.26 ,1,0.00 
2062,橋椿,722.00 ,598.00 ,549.00 ,486.00 ,0.64 ,20,0.02 
2069,運錩,1031.00 ,881.00 ,832.00 ,736.00 ,0.43 ,3,0.00 
2101,南港,960.00 ,840.00 ,683.00 ,592.00 ,0.01 ,13,0.01 
2102,泰豐,881.00 ,540.00 ,545.00 ,515.00 ,0.09 ,4,0.01 
2103,台橡,1583.00 ,1057.00 ,1196.00 ,1078.00 ,0.25 ,5,0.00 
2104,國際中橡,2089.00 ,1540.00 ,729.00 ,554.00 ,0.29 ,2,0.01 
2105,正新,889.00 ,771.00 ,718.00 ,650.00 ,0.00 ,11,0.00 
2106,建大,771.00 ,661.00 ,650.00 ,598.00 ,0.13 ,10,0.01 
2107,厚生,851.00 ,736.00 ,628.00 ,572.00 ,0.09 ,0,0.00 
2108,南帝,2820.00 ,2575.00 ,1998.00 ,1806.00 ,0.01 ,0,0.00 
2109,華豐,696.00 ,601.00 ,570.00 ,511.00 ,0.00 ,0,0.00 
2114,鑫永銓,862.00 ,753.00 ,544.00 ,521.00 ,0.25 ,1,0.01 
2115,六暉-KY,N/A,N/A,N/A,N/A,0.55 ,0,0.00 
2201,裕隆,1151.00 ,936.00 ,862.00 ,804.00 ,0.16 ,0,0.00 
2204,中華,1299.00 ,1120.00 ,1110.00 ,1007.00 ,0.14 ,3,0.00 
2206,三陽工業,1091.00 ,922.00 ,912.00 ,898.00 ,0.01 ,8,0.00 
2207,和泰車,3260.00 ,2894.00 ,2425.00 ,1936.00 ,0.07 ,0,0.00 
2208,台船,1179.00 ,949.00 ,956.00 ,970.00 ,0.05 ,13,0.00 
2211,長榮鋼,1124.00 ,943.00 ,922.00 ,892.00 ,0.17 ,3,0.01 
2227,裕日車,1572.00 ,1293.00 ,1183.00 ,1126.00 ,0.13 ,0,0.00 
2228,劍麟,828.00 ,712.00 ,605.00 ,518.00 ,0.11 ,0,0.00 
2231,為升,838.00 ,737.00 ,642.00 ,574.00 ,0.04 ,10,0.02 
2233,宇隆,903.00 ,770.00 ,680.00 ,601.00 ,0.24 ,6,0.02 
2236,百達-KY,N/A,N/A,N/A,N/A,0.20 ,2,0.00 
2239,英利-KY,N/A,N/A,N/A,N/A,0.00 ,0,0.00 
2241,艾姆勒,812.00 ,642.00 ,650.00 ,592.00 ,0.19 ,8,0.01 
2243,宏旭-KY,N/A,N/A,N/A,N/A,0.11 ,0,0.00 
2247,汎德永業,1101.00 ,930.00 ,953.00 ,749.00 ,0.08 ,12,0.01 
2250,IKKA-KY,N/A,N/A,N/A,N/A,0.37 ,0,0.00 
2301,光寶科,1753.00 ,1574.00 ,1434.00 ,1154.00 ,0.23 ,40,0.00 
2302,麗正,842.00 ,691.00 ,616.00 ,464.00 ,0.50 ,0,0.00 
2303,聯電,2093.00 ,1915.00 ,1447.00 ,1150.00 ,0.12 ,9,0.00 
2305,全友,946.00 ,800.00 ,706.00 ,663.00 ,0.24 ,0,0.00 
2308,台達電,1621.00 ,1430.00 ,1525.00 ,1293.00 ,0.32 ,243,0.03 
2312,金寶,1800.00 ,1582.00 ,1072.00 ,926.00 ,0.26 ,1,0.00 
2313,華通,1017.00 ,855.00 ,889.00 ,793.00 ,0.13 ,32,0.01 
2314,台揚,926.00 ,791.00 ,797.00 ,634.00 ,0.16 ,0,0.00 
2316,楠梓電,631.00 ,518.00 ,552.00 ,527.00 ,0.17 ,9,0.01 
2317,鴻海,2551.00 ,2343.00 ,2558.00 ,1829.00 ,0.20 ,197,0.00 
2321,東訊,952.00 ,791.00 ,794.00 ,661.00 ,0.09 ,0,0.00 
2323,中環,721.00 ,618.00 ,600.00 ,562.00 ,0.26 ,8,0.01 
2324,仁寶,1411.00 ,1214.00 ,1250.00 ,1059.00 ,0.19 ,87,0.01 
2327,國巨,932.00 ,826.00 ,747.00 ,637.00 ,0.34 ,10,0.00 
2328,廣宇,1982.00 ,1655.00 ,1244.00 ,1185.00 ,0.26 ,0,0.00 
2329,華泰,743.00 ,613.00 ,666.00 ,573.00 ,0.45 ,68,0.01 
2330,台積電,2706.00 ,2463.00 ,2425.00 ,1851.00 ,0.13 ,44,0.00 
2331,精英,1195.00 ,1014.00 ,967.00 ,788.00 ,0.32 ,11,0.01 
2332,友訊,1243.00 ,1063.00 ,1122.00 ,928.00 ,0.45 ,3,0.01 
2337,旺宏,2146.00 ,1934.00 ,1834.00 ,1388.00 ,0.28 ,1,0.00 
2338,光罩,1879.00 ,1733.00 ,1282.00 ,1076.00 ,0.20 ,2,0.01 
2340,台亞,1377.00 ,1195.00 ,1014.00 ,839.00 ,0.36 ,2,0.00 
2342,茂矽,1010.00 ,851.00 ,823.00 ,707.00 ,0.48 ,8,0.00 
2344,華邦電,2492.00 ,2321.00 ,2332.00 ,1858.00 ,0.12 ,0,0.00 
2345,智邦,1179.00 ,1026.00 ,1052.00 ,732.00 ,0.28 ,6,0.00 
2347,聯強,1383.00 ,1205.00 ,1179.00 ,1006.00 ,0.50 ,2,0.00 
2348,海悅,1827.00 ,1633.00 ,1372.00 ,1136.00 ,0.32 ,0,0.00 
2349,錸德,781.00 ,677.00 ,651.00 ,566.00 ,0.04 ,5,0.01 
2351,順德,865.00 ,722.00 ,717.00 ,608.00 ,0.14 ,3,0.00 
2352,佳世達,2110.00 ,1832.00 ,1592.00 ,1258.00 ,0.15 ,0,0.00 
2353,宏,2566.00 ,2264.00 ,2190.00 ,1651.00 ,0.31 ,9,0.00 
2354,鴻準,3696.00 ,3267.00 ,4103.00 ,3390.00 ,0.00 ,0,0.00 
2355,敬鵬,787.00 ,673.00 ,672.00 ,601.00 ,0.24 ,27,0.01 
2356,英業達,1229.00 ,1074.00 ,1024.00 ,838.00 ,0.14 ,36,0.00 
2357,華碩,2269.00 ,2076.00 ,2002.00 ,1504.00 ,0.23 ,5,0.00 
2358,廷鑫,673.00 ,594.00 ,514.00 ,452.00 ,0.47 ,4,0.02 
2359,所羅門,1074.00 ,913.00 ,870.00 ,787.00 ,0.22 ,3,0.01 
2360,致茂,1257.00 ,1107.00 ,1117.00 ,952.00 ,0.14 ,27,0.02 
2362,藍天,1580.00 ,1377.00 ,1192.00 ,1073.00 ,0.26 ,2,0.00 
2363,矽統,1509.00 ,1346.00 ,1253.00 ,1097.00 ,0.06 ,2,0.01 
2364,倫飛,1025.00 ,878.00 ,692.00 ,589.00 ,0.28 ,0,0.00 
2365,昆盈,1197.00 ,930.00 ,829.00 ,718.00 ,0.36 ,0,0.00 
2367,燿華,694.00 ,579.00 ,559.00 ,503.00 ,0.02 ,3,0.00 
2368,金像電,1000.00 ,848.00 ,765.00 ,623.00 ,0.21 ,60,0.01 
2369,菱生,741.00 ,610.00 ,607.00 ,511.00 ,0.17 ,0,0.00 
2371,大同,915.00 ,794.00 ,730.00 ,645.00 ,0.21 ,8,0.00 
2373,震旦行,823.00 ,586.00 ,723.00 ,636.00 ,0.15 ,0,0.00 
2374,佳能,1315.00 ,1135.00 ,1110.00 ,995.00 ,0.23 ,0,0.00 
2375,凱美,1639.00 ,1441.00 ,731.00 ,759.00 ,0.40 ,0,0.00 
2376,技嘉,3117.00 ,2945.00 ,1474.00 ,1002.00 ,0.27 ,4,0.00 
2377,微星,2353.00 ,2168.00 ,1935.00 ,1606.00 ,0.25 ,5,0.00 
2379,瑞昱,5131.00 ,4866.00 ,4083.00 ,3270.00 ,0.09 ,0,0.00 
2380,虹光,1034.00 ,858.00 ,863.00 ,765.00 ,0.07 ,2,0.00 
2382,廣達,1803.00 ,1585.00 ,1420.00 ,1174.00 ,0.08 ,123,0.01 
2383,台光電,1309.00 ,1146.00 ,935.00 ,767.00 ,0.08 ,6,0.01 
2385,群光,2454.00 ,2212.00 ,1764.00 ,1482.00 ,0.00 ,21,0.00 
2387,精元,1037.00 ,898.00 ,740.00 ,670.00 ,0.07 ,0,0.00 
2388,威盛,2376.00 ,2078.00 ,1556.00 ,1424.00 ,0.26 ,2,0.01 
2390,云辰,2076.00 ,1903.00 ,1042.00 ,1012.00 ,0.04 ,0,0.00 
2392,正崴,1367.00 ,1163.00 ,1181.00 ,1034.00 ,0.18 ,0,0.00 
2393,億光,995.00 ,862.00 ,814.00 ,598.00 ,0.33 ,7,0.01 
2395,研華,1475.00 ,1284.00 ,1151.00 ,996.00 ,0.25 ,12,0.00 
2397,友通,1025.00 ,883.00 ,848.00 ,672.00 ,0.38 ,0,0.00 
2399,映泰,1440.00 ,1278.00 ,1068.00 ,861.00 ,0.36 ,0,0.00 
2401,凌陽,1643.00 ,1423.00 ,1442.00 ,1235.00 ,0.27 ,0,0.00 
2402,毅嘉,802.00 ,688.00 ,509.00 ,455.00 ,0.23 ,7,0.03 
2404,漢唐,1588.00 ,1428.00 ,1364.00 ,1190.00 ,0.12 ,3,0.00 
2405,輔信,1296.00 ,1125.00 ,1042.00 ,903.00 ,0.18 ,3,0.01 
2406,國碩,787.00 ,662.00 ,655.00 ,601.00 ,0.28 ,0,0.00 
2408,南亞科,1959.00 ,1788.00 ,1735.00 ,1377.00 ,0.34 ,0,0.00 
2409,友達,1681.00 ,1441.00 ,1475.00 ,972.00 ,0.27 ,3,0.00 
2412,中華電,1691.00 ,901.00 ,1507.00 ,1478.00 ,0.21 ,39,0.00 
2413,環科,626.00 ,533.00 ,521.00 ,452.00 ,0.01 ,9,0.01 
2414,精技,1151.00 ,994.00 ,907.00 ,815.00 ,0.20 ,1,0.00 
2415,錩新,1665.00 ,1451.00 ,981.00 ,852.00 ,0.28 ,0,0.00 
2417,圓剛,1169.00 ,993.00 ,1034.00 ,975.00 ,0.27 ,0,0.00 
2419,仲琦,1430.00 ,1213.00 ,1012.00 ,890.00 ,0.25 ,0,0.00 
2420,新巨,737.00 ,627.00 ,575.00 ,498.00 ,0.36 ,5,0.01 
2421,建準,1002.00 ,797.00 ,857.00 ,686.00 ,0.20 ,566,0.00 
2423,固緯,1173.00 ,1011.00 ,919.00 ,840.00 ,0.04 ,0,0.00 
2424,隴華,983.00 ,844.00 ,586.00 ,544.00 ,0.25 ,0,0.00 
2425,承啟,1282.00 ,1008.00 ,678.00 ,690.00 ,0.43 ,0,0.00 
2426,鼎元,845.00 ,707.00 ,708.00 ,619.00 ,0.31 ,7,0.01 
2427,三商電,959.00 ,826.00 ,744.00 ,692.00 ,0.16 ,0,0.00 
2428,興勤,1081.00 ,930.00 ,869.00 ,656.00 ,0.43 ,1,0.00 
2429,銘旺科,723.00 ,585.00 ,466.00 ,359.00 ,0.01 ,1,0.01 
2430,燦坤,642.00 ,519.00 ,693.00 ,633.00 ,0.30 ,56,0.02 
2431,聯昌,1076.00 ,892.00 ,817.00 ,721.00 ,0.00 ,0,0.00 
2433,互盛電,802.00 ,596.00 ,700.00 ,637.00 ,0.04 ,0,0.00 
2434,統懋,728.00 ,596.00 ,551.00 ,502.00 ,0.04 ,0,0.00 
2436,偉詮電,1725.00 ,1538.00 ,1443.00 ,1352.00 ,0.05 ,0,0.00 
2438,翔耀,632.00 ,516.00 ,508.00 ,463.00 ,0.60 ,0,0.00 
2439,美律,1260.00 ,994.00 ,894.00 ,718.00 ,0.33 ,0,0.00 
2440,太空梭,1334.00 ,1150.00 ,939.00 ,878.00 ,0.25 ,0,0.00 
2441,超豐,1105.00 ,961.00 ,935.00 ,756.00 ,0.08 ,7,0.00 
2442,新美齊,1925.00 ,1061.00 ,1211.00 ,946.00 ,0.17 ,0,0.00 
2443,昶虹,1494.00 ,1143.00 ,947.00 ,754.00 ,0.22 ,0,0.00 
2444,兆勁,611.00 ,487.00 ,482.00 ,422.00 ,0.02 ,0,0.00 
2449,京元電子,894.00 ,764.00 ,803.00 ,662.00 ,0.33 ,25,0.00 
2450,神腦,748.00 ,610.00 ,607.00 ,568.00 ,0.29 ,3,0.00 
2451,創見,914.00 ,772.00 ,790.00 ,631.00 ,0.15 ,13,0.01 
2453,凌群,1189.00 ,1009.00 ,885.00 ,811.00 ,0.20 ,3,0.00 
2454,聯發科,5460.00 ,5138.00 ,5150.00 ,3992.00 ,0.05 ,0,0.00 
2455,全新,1669.00 ,1474.00 ,1230.00 ,845.00 ,0.17 ,4,0.02 
2457,飛宏,1116.00 ,936.00 ,873.00 ,744.00 ,0.25 ,3,0.01 
2458,義隆,2349.00 ,2109.00 ,1970.00 ,1798.00 ,0.19 ,0,0.00 
2459,敦吉,1346.00 ,1204.00 ,969.00 ,933.00 ,0.00 ,0,0.00 
2460,建通,822.00 ,690.00 ,675.00 ,594.00 ,0.06 ,0,0.00 
2461,光群雷,1027.00 ,903.00 ,752.00 ,651.00 ,0.29 ,3,0.02 
2462,良得電,1456.00 ,1239.00 ,993.00 ,883.00 ,0.20 ,0,0.00 
2464,盟立,1262.00 ,1086.00 ,1122.00 ,927.00 ,0.11 ,0,0.00 
2465,麗臺,1005.00 ,848.00 ,848.00 ,710.00 ,0.34 ,3,0.01 
2466,冠西電,736.00 ,571.00 ,539.00 ,404.00 ,0.30 ,2,0.01 
2467,志聖,1367.00 ,1203.00 ,1097.00 ,921.00 ,0.11 ,3,0.01 
2468,華經,923.00 ,769.00 ,662.00 ,595.00 ,0.27 ,5,0.02 
2471,資通,1434.00 ,1246.00 ,1172.00 ,1078.00 ,0.23 ,0,0.00 
2472,立隆電,1578.00 ,1361.00 ,1086.00 ,1028.00 ,0.57 ,0,0.00 
2474,可成,699.00 ,583.00 ,643.00 ,540.00 ,0.25 ,20,0.00 
2476,鉅祥,789.00 ,687.00 ,707.00 ,633.00 ,0.29 ,9,0.01 
2477,美隆電,933.00 ,819.00 ,760.00 ,641.00 ,0.17 ,1,0.00 
2478,大毅,1123.00 ,1009.00 ,741.00 ,585.00 ,0.27 ,6,0.01 
2480,敦陽科,1222.00 ,1040.00 ,1004.00 ,932.00 ,0.26 ,0,0.00 
2481,強茂,1014.00 ,866.00 ,770.00 ,619.00 ,0.42 ,23,0.02 
2482,連宇,923.00 ,783.00 ,723.00 ,576.00 ,0.26 ,2,0.01 
2483,百容,653.00 ,557.00 ,530.00 ,471.00 ,0.10 ,20,0.03 
2484,希華,772.00 ,653.00 ,655.00 ,582.00 ,0.31 ,0,0.00 
2485,兆赫,657.00 ,542.00 ,574.00 ,431.00 ,0.23 ,20,0.02 
2486,一詮,909.00 ,787.00 ,739.00 ,629.00 ,0.14 ,14,0.02 
2488,漢平,762.00 ,611.00 ,735.00 ,637.00 ,0.52 ,0,0.00 
2489,瑞軒,1942.00 ,1756.00 ,1683.00 ,1378.00 ,0.39 ,0,0.00 
2491,吉祥全,961.00 ,844.00 ,544.00 ,522.00 ,0.06 ,0,0.00 
2492,華新科,926.00 ,791.00 ,802.00 ,595.00 ,0.44 ,5,0.00 
2493,揚博,1218.00 ,1058.00 ,1012.00 ,867.00 ,0.33 ,0,0.00 
2495,普安,1026.00 ,886.00 ,885.00 ,772.00 ,0.18 ,0,0.00 
2496,卓越,1303.00 ,1005.00 ,599.00 ,586.00 ,1.00 ,0,0.00 
2497,怡利電,764.00 ,649.00 ,613.00 ,572.00 ,0.01 ,0,0.00 
2498,宏達電,1221.00 ,1029.00 ,1175.00 ,949.00 ,0.26 ,3,0.00 
2501,國建,1434.00 ,1269.00 ,1042.00 ,941.00 ,0.26 ,1,0.01 
2504,國產,1454.00 ,1332.00 ,924.00 ,883.00 ,0.23 ,3,0.00 
2505,國揚,1599.00 ,1334.00 ,1045.00 ,926.00 ,0.43 ,0,0.00 
2506,太設,716.00 ,598.00 ,805.00 ,740.00 ,0.31 ,1,0.01 
2509,全坤建,899.00 ,739.00 ,755.00 ,737.00 ,0.67 ,0,0.00 
2511,太子,1456.00 ,1263.00 ,869.00 ,856.00 ,0.35 ,0,0.00 
2514,龍邦,1750.00 ,1559.00 ,770.00 ,703.00 ,0.80 ,0,0.00 
2515,中工,1160.00 ,1009.00 ,759.00 ,705.00 ,0.24 ,0,0.00 
2516,新建,969.00 ,834.00 ,623.00 ,560.00 ,0.13 ,4,0.01 
2520,冠德,2123.00 ,1856.00 ,1312.00 ,1105.00 ,0.33 ,0,0.00 
2524,京城,1949.00 ,1598.00 ,1106.00 ,996.00 ,0.29 ,0,0.00 
2527,宏璟,1414.00 ,1157.00 ,828.00 ,846.00 ,0.60 ,0,0.00 
2528,皇普,976.00 ,844.00 ,744.00 ,658.00 ,0.00 ,0,0.00 
2530,華建,1224.00 ,1059.00 ,1059.00 ,989.00 ,0.40 ,0,0.00 
2534,宏盛,1179.00 ,1015.00 ,797.00 ,712.00 ,0.11 ,0,0.00 
2535,達欣工,1509.00 ,1316.00 ,1123.00 ,1073.00 ,0.09 ,2,0.00 
2536,宏普,1066.00 ,900.00 ,1040.00 ,977.00 ,0.29 ,0,0.00 
2537,聯上發,1511.00 ,1331.00 ,951.00 ,946.00 ,0.63 ,0,0.00 
2538,基泰,1535.00 ,1359.00 ,1266.00 ,1283.00 ,0.00 ,0,0.00 
2539,櫻花建,1054.00 ,882.00 ,862.00 ,719.00 ,0.33 ,2,0.03 
2540,愛山林,3083.00 ,2831.00 ,2046.00 ,1415.00 ,0.10 ,0,0.00 
2542,興富發,1388.00 ,1265.00 ,1062.00 ,770.00 ,0.40 ,0,0.00 
2543,皇昌,819.00 ,645.00 ,613.00 ,472.00 ,0.14 ,9,0.01 
2545,皇翔,1401.00 ,1181.00 ,1127.00 ,877.00 ,0.18 ,0,0.00 
2546,根基,1084.00 ,966.00 ,929.00 ,865.00 ,0.09 ,4,0.01 
2547,日勝生,1371.00 ,1141.00 ,932.00 ,835.00 ,0.31 ,0,0.00 
2548,華固,3302.00 ,2933.00 ,1657.00 ,1507.00 ,0.00 ,0,0.00 
2597,潤弘,1481.00 ,1293.00 ,1140.00 ,942.00 ,0.11 ,1,0.00 
2601,益航,1170.00 ,959.00 ,1035.00 ,909.00 ,0.29 ,0,0.00 
2603,長榮,4271.00 ,3606.00 ,3613.00 ,3337.00 ,0.16 ,6,0.00 
2605,新興,2170.00 ,1937.00 ,1445.00 ,1460.00 ,0.00 ,0,0.00 
2606,裕民,2199.00 ,1680.00 ,1669.00 ,1453.00 ,0.25 ,1,0.00 
2607,榮運,1079.00 ,844.00 ,881.00 ,864.00 ,0.24 ,7,0.01 
2608,嘉里大榮,823.00 ,676.00 ,699.00 ,677.00 ,0.14 ,88,0.02 
2609,陽明,3379.00 ,3010.00 ,2753.00 ,2429.00 ,0.28 ,8,0.01 
2610,華航,2039.00 ,1460.00 ,1729.00 ,1241.00 ,0.28 ,67,0.01 
2611,志信,796.00 ,626.00 ,604.00 ,560.00 ,0.09 ,0,0.00 
2612,中航,1781.00 ,1554.00 ,1294.00 ,1193.00 ,0.03 ,2,0.01 
2613,中櫃,762.00 ,628.00 ,595.00 ,580.00 ,0.01 ,7,0.01 
2614,東森,1471.00 ,1298.00 ,1066.00 ,1003.00 ,0.39 ,1,0.00 
2615,萬海,2802.00 ,2549.00 ,2554.00 ,2380.00 ,0.16 ,6,0.01 
2616,山隆,753.00 ,646.00 ,824.00 ,776.00 ,0.11 ,0,0.00 
2617,台航,1416.00 ,1205.00 ,1293.00 ,1100.00 ,0.21 ,1,0.00 
2618,長榮航,1425.00 ,1131.00 ,1243.00 ,727.00 ,0.33 ,27,0.00 
2630,亞航,765.00 ,626.00 ,631.00 ,596.00 ,0.05 ,7,0.01 
2633,台灣高鐵,1064.00 ,892.00 ,898.00 ,812.00 ,0.15 ,1,0.00 
2634,漢翔,1111.00 ,927.00 ,896.00 ,762.00 ,0.19 ,31,0.01 
2636,台驊投控,2541.00 ,2317.00 ,727.00 ,552.00 ,0.10 ,0,0.00 
2637,慧洋-KY,N/A,N/A,N/A,N/A,0.49 ,0,0.00 
2642,宅配通,690.00 ,570.00 ,615.00 ,576.00 ,0.16 ,62,0.04 
2701,萬企,625.00 ,495.00 ,457.00 ,431.00 ,0.50 ,0,0.00 
2702,華園,513.00 ,436.00 ,438.00 ,368.00 ,0.50 ,2,0.00 
2704,國賓,787.00 ,655.00 ,587.00 ,474.00 ,0.47 ,28,0.03 
2705,六福,526.00 ,430.00 ,488.00 ,425.00 ,0.55 ,44,0.00 
2706,第一店,610.00 ,496.00 ,425.00 ,406.00 ,0.67 ,0,0.00 
2707,晶華,698.00 ,584.00 ,610.00 ,495.00 ,0.51 ,11,0.01 
2712,遠雄來,575.00 ,475.00 ,493.00 ,395.00 ,0.33 ,7,0.00 
2722,夏都,501.00 ,413.00 ,419.00 ,359.00 ,0.55 ,8,0.02 
2723,美食-KY,N/A,N/A,N/A,N/A,0.36 ,260,0.02 
2727,王品,491.00 ,408.00 ,594.00 ,502.00 ,0.41 ,69,0.01 
2731,雄獅,530.00 ,421.00 ,425.00 ,390.00 ,0.71 ,4,0.00 
2739,寒舍,671.00 ,555.00 ,552.00 ,465.00 ,0.46 ,97,0.07 
2748,雲品,692.00 ,578.00 ,546.00 ,479.00 ,0.52 ,24,0.03 
2753,八方雲集,1091.00 ,936.00 ,789.00 ,721.00 ,0.41 ,17,0.01 
2801,彰銀,1705.00 ,1342.00 ,1285.00 ,1194.00 ,0.59 ,1,0.00 
2809,京城銀,1069.00 ,920.00 ,846.00 ,763.00 ,0.54 ,2,0.00 
2812,台中銀,1309.00 ,1131.00 ,1058.00 ,876.00 ,0.38 ,16,0.01 
2816,旺旺保,1152.00 ,998.00 ,1005.00 ,786.00 ,0.42 ,4,0.01 
2820,華票,2226.00 ,1883.00 ,1581.00 ,1386.00 ,0.13 ,0,0.00 
2832,台產,1042.00 ,911.00 ,960.00 ,728.00 ,0.08 ,4,0.00 
2834,臺企銀,1538.00 ,1245.00 ,1195.00 ,1069.00 ,0.48 ,4,0.00 
2836,高雄銀,1545.00 ,1286.00 ,1185.00 ,1085.00 ,0.51 ,5,0.05 
2838,聯邦銀,1009.00 ,862.00 ,838.00 ,737.00 ,0.54 ,3,0.01 
2845,遠東銀,1467.00 ,1230.00 ,1167.00 ,1037.00 ,0.39 ,1,0.00 
2849,安泰銀,1174.00 ,1022.00 ,939.00 ,803.00 ,0.50 ,16,0.01 
2850,新產,1338.00 ,1227.00 ,1159.00 ,871.00 ,0.17 ,0,0.00 
2851,中再保,2086.00 ,1836.00 ,1631.00 ,1479.00 ,0.45 ,2,0.01 
2852,第一保,1178.00 ,1053.00 ,1040.00 ,786.00 ,0.13 ,2,0.00 
2855,統一證,2433.00 ,2161.00 ,1782.00 ,1163.00 ,0.35 ,0,0.00 
2867,三商壽,1019.00 ,896.00 ,872.00 ,743.00 ,0.48 ,2,0.00 
2880,華南金,1714.00 ,1398.00 ,1332.00 ,1141.00 ,0.52 ,42,0.00 
2881,富邦金,1223.00 ,1033.00 ,1436.00 ,1136.00 ,0.56 ,50,0.00 
2882,國泰金,1160.00 ,1014.00 ,1320.00 ,1088.00 ,0.53 ,75,0.00 
2883,開發金,1933.00 ,1658.00 ,1468.00 ,1143.00 ,0.61 ,0,0.01 
2884,玉山金,1454.00 ,1234.00 ,1168.00 ,1069.00 ,0.43 ,20,0.00 
2885,元大金,2310.00 ,2043.00 ,1612.00 ,1346.00 ,0.53 ,24,0.00 
2886,兆豐金,2091.00 ,1539.00 ,1450.00 ,1173.00 ,0.52 ,56,0.01 
2887,台新金,1564.00 ,1333.00 ,1300.00 ,1034.00 ,0.48 ,1,0.00 
2888,新光金,1247.00 ,1083.00 ,1198.00 ,1017.00 ,0.55 ,12,0.00 
2889,國票金,2072.00 ,1846.00 ,1417.00 ,1010.00 ,0.11 ,0,0.00 
2890,永豐金,1704.00 ,1451.00 ,1363.00 ,1116.00 ,0.39 ,28,0.00 
2891,中信金,2102.00 ,1902.00 ,1557.00 ,1259.00 ,0.56 ,25,0.00 
2892,第一金,1751.00 ,1496.00 ,1294.00 ,1180.00 ,0.51 ,8,0.00 
2897,王道銀行,1738.00 ,1545.00 ,1251.00 ,1023.00 ,0.46 ,7,0.01 
2901,欣欣,853.00 ,689.00 ,568.00 ,518.00 ,0.44 ,0,0.00 
2903,遠百,853.00 ,771.00 ,700.00 ,653.00 ,0.25 ,0,0.00 
2904,匯僑,1049.00 ,875.00 ,671.00 ,655.00 ,0.20 ,0,0.00 
2905,三商,2850.00 ,2676.00 ,874.00 ,742.00 ,0.48 ,2,0.00 
2906,高林,914.00 ,766.00 ,564.00 ,507.00 ,0.52 ,0,0.00 
2908,特力,1165.00 ,916.00 ,926.00 ,795.00 ,0.67 ,2,0.00 
2910,統領,725.00 ,600.00 ,560.00 ,514.00 ,0.04 ,0,0.00 
2911,麗嬰房,577.00 ,470.00 ,477.00 ,434.00 ,0.46 ,0,0.00 
2912,統一超,811.00 ,681.00 ,933.00 ,807.00 ,0.50 ,22,0.00 
2913,農林,808.00 ,647.00 ,583.00 ,471.00 ,0.43 ,5,0.01 
2915,潤泰全,755.00 ,642.00 ,540.00 ,420.00 ,0.41 ,0,0.00 
2923,鼎固-KY,N/A,N/A,N/A,N/A,0.40 ,0,0.00 
2929,淘帝-KY,N/A,N/A,N/A,N/A,0.22 ,0,0.00 
2939,凱羿-KY,N/A,N/A,N/A,N/A,0.38 ,0,0.00 
2945,三商家購,442.00 ,356.00 ,413.00 ,346.00 ,0.57 ,42,0.01 
3002,歐格,1138.00 ,997.00 ,897.00 ,875.00 ,0.56 ,0,0.00 
3003,健和興,817.00 ,687.00 ,584.00 ,521.00 ,0.17 ,2,0.00 
3004,豐達科,936.00 ,799.00 ,690.00 ,619.00 ,0.19 ,2,0.00 
3005,神基,1718.00 ,1578.00 ,1488.00 ,1242.00 ,0.22 ,15,0.00 
3006,晶豪科,4825.00 ,4605.00 ,4509.00 ,4333.00 ,0.04 ,0,0.00 
3008,大立光,1228.00 ,1094.00 ,1146.00 ,842.00 ,0.10 ,32,0.00 
3010,華立,2092.00 ,1840.00 ,1431.00 ,1155.00 ,0.11 ,1,0.00 
3011,今皓,967.00 ,830.00 ,670.00 ,540.00 ,0.13 ,0,0.00 
3013,晟銘電,1196.00 ,985.00 ,877.00 ,840.00 ,0.37 ,29,0.01 
3014,聯陽,3183.00 ,2957.00 ,2849.00 ,2698.00 ,0.13 ,0,0.00 
3015,全漢,1174.00 ,1023.00 ,984.00 ,845.00 ,0.27 ,3,0.00 
3016,嘉晶,1067.00 ,888.00 ,951.00 ,851.00 ,0.27 ,3,0.00 
3017,奇鋐,1344.00 ,1131.00 ,969.00 ,869.00 ,0.21 ,16,0.00 
3018,隆銘綠能,911.00 ,762.00 ,605.00 ,570.00 ,0.40 ,0,0.00 
3019,亞光,1254.00 ,1105.00 ,954.00 ,783.00 ,0.13 ,0,0.00 
3021,鴻名,761.00 ,618.00 ,693.00 ,561.00 ,0.50 ,0,0.00 
3022,威強電,1243.00 ,1089.00 ,843.00 ,795.00 ,0.26 ,0,0.00 
3023,信邦,813.00 ,679.00 ,677.00 ,498.00 ,0.47 ,14,0.01 
3024,憶聲,1242.00 ,1056.00 ,867.00 ,822.00 ,0.41 ,0,0.00 
3025,星通,1169.00 ,1002.00 ,1007.00 ,844.00 ,0.45 ,0,0.00 
3026,禾伸堂,1100.00 ,963.00 ,869.00 ,646.00 ,0.47 ,20,0.02 
3027,盛達,991.00 ,793.00 ,788.00 ,716.00 ,0.30 ,0,0.00 
3028,增你強,1273.00 ,1100.00 ,1048.00 ,923.00 ,0.32 ,3,0.00 
3029,零壹,1466.00 ,1273.00 ,1050.00 ,849.00 ,0.52 ,0,0.00 
3030,德律,1348.00 ,1166.00 ,1168.00 ,1019.00 ,0.11 ,5,0.01 
3031,佰鴻,1374.00 ,1227.00 ,849.00 ,761.00 ,0.34 ,1,0.01 
3032,偉訓,1649.00 ,1455.00 ,970.00 ,881.00 ,0.02 ,0,0.00 
3033,威健,1762.00 ,1557.00 ,1350.00 ,1191.00 ,0.10 ,1,0.00 
3034,聯詠,5412.00 ,5162.00 ,4994.00 ,4018.00 ,0.08 ,0,0.00 
3035,智原,2432.00 ,2202.00 ,2073.00 ,1633.00 ,0.18 ,0,0.00 
3036,文曄,1885.00 ,1684.00 ,1373.00 ,1088.00 ,0.26 ,0,0.00 
3037,欣興,1068.00 ,921.00 ,866.00 ,689.00 ,0.19 ,56,0.00 
3038,全台,730.00 ,630.00 ,621.00 ,535.00 ,0.16 ,3,0.00 
3040,遠見,1157.00 ,1001.00 ,815.00 ,828.00 ,0.50 ,0,0.00 
3041,揚智,2409.00 ,2172.00 ,1818.00 ,1564.00 ,0.15 ,0,0.00 
3042,晶技,1144.00 ,1049.00 ,1036.00 ,782.00 ,0.15 ,10,0.01 
3043,科風,700.00 ,590.00 ,440.00 ,398.00 ,0.16 ,0,0.00 
3044,健鼎,1103.00 ,972.00 ,666.00 ,465.00 ,0.16 ,0,0.00 
3045,台灣大,1274.00 ,1094.00 ,1072.00 ,923.00 ,0.48 ,5,0.00 
3046,建,1294.00 ,1142.00 ,1111.00 ,1090.00 ,0.21 ,0,0.00 
3047,訊舟,1280.00 ,1091.00 ,999.00 ,888.00 ,0.20 ,0,0.00 
3048,益登,1644.00 ,1465.00 ,1345.00 ,1111.00 ,0.50 ,0,0.00 
3049,精金,1277.00 ,1053.00 ,942.00 ,824.00 ,0.22 ,0,0.00 
3050,鈺德,790.00 ,658.00 ,629.00 ,579.00 ,0.38 ,0,0.00 
3051,力特,750.00 ,620.00 ,576.00 ,526.00 ,0.03 ,10,0.02 
3052,夆典,972.00 ,827.00 ,668.00 ,626.00 ,0.13 ,0,0.00 
3054,立萬利,1175.00 ,1003.00 ,947.00 ,824.00 ,0.33 ,0,0.00 
3055,蔚華科,2488.00 ,2126.00 ,1288.00 ,1155.00 ,0.06 ,0,0.00 
3056,富華新,1471.00 ,1309.00 ,1529.00 ,895.00 ,0.57 ,0,0.00 
3057,喬鼎,1406.00 ,1208.00 ,1181.00 ,1004.00 ,0.20 ,0,0.00 
3058,立德,1294.00 ,1098.00 ,873.00 ,688.00 ,0.13 ,0,0.00 
3059,華晶科,2063.00 ,1861.00 ,1261.00 ,1198.00 ,0.19 ,1,0.00 
3060,銘異,919.00 ,771.00 ,640.00 ,557.00 ,0.22 ,0,0.00 
3062,建漢,1303.00 ,1124.00 ,1047.00 ,952.00 ,0.04 ,0,0.00 
3090,日電貿,1002.00 ,836.00 ,864.00 ,717.00 ,0.56 ,1,0.01 
3092,鴻碩,1850.00 ,1637.00 ,986.00 ,713.00 ,0.26 ,382,0.17 
3094,聯傑,1460.00 ,1250.00 ,1143.00 ,1134.00 ,0.17 ,0,0.00 
3130,一零四,1393.00 ,1224.00 ,1188.00 ,1026.00 ,0.56 ,0,0.00 
3138,耀登,1656.00 ,1473.00 ,1228.00 ,946.00 ,0.36 ,0,0.00 
3149,正達,829.00 ,710.00 ,663.00 ,583.00 ,0.00 ,0,0.00 
3164,景岳,742.00 ,609.00 ,584.00 ,553.00 ,0.10 ,0,0.00 
3167,大量,1072.00 ,582.00 ,804.00 ,691.00 ,0.15 ,2,0.01 
3189,景碩,903.00 ,783.00 ,750.00 ,582.00 ,0.19 ,30,0.01 
3209,全科,1524.00 ,1314.00 ,1086.00 ,981.00 ,0.08 ,0,0.00 
3229,晟鈦,637.00 ,529.00 ,549.00 ,486.00 ,0.67 ,0,0.00 
3231,緯創,1592.00 ,1406.00 ,1292.00 ,1101.00 ,0.22 ,16,0.00 
3257,虹冠電,2221.00 ,2023.00 ,1303.00 ,1196.00 ,0.15 ,0,0.00 
3266,昇陽,1288.00 ,1112.00 ,1019.00 ,1024.00 ,0.20 ,0,0.00 
3296,勝德,930.00 ,779.00 ,722.00 ,667.00 ,0.31 ,2,0.01 
3305,昇貿,988.00 ,850.00 ,590.00 ,484.00 ,0.23 ,0,0.00 
3308,聯德,1116.00 ,930.00 ,639.00 ,643.00 ,0.66 ,0,0.00 
3311,閎暉,724.00 ,585.00 ,613.00 ,436.00 ,0.33 ,2,0.00 
3312,弘憶股,1575.00 ,1385.00 ,969.00 ,872.00 ,0.18 ,0,0.00 
3321,同泰,654.00 ,548.00 ,535.00 ,479.00 ,0.31 ,16,0.03 
3338,泰碩,1202.00 ,1027.00 ,866.00 ,783.00 ,0.02 ,0,0.00 
3346,麗清,1380.00 ,1194.00 ,982.00 ,702.00 ,0.05 ,0,0.00 
3356,奇偶,1192.00 ,1032.00 ,947.00 ,848.00 ,0.26 ,0,0.00 
3376,新日興,631.00 ,551.00 ,575.00 ,388.00 ,0.02 ,22,0.01 
3380,明泰,1052.00 ,893.00 ,902.00 ,825.00 ,0.24 ,0,0.00 
3406,玉晶光,1194.00 ,1032.00 ,879.00 ,717.00 ,0.09 ,43,0.00 
3413,京鼎,1456.00 ,1297.00 ,1249.00 ,1093.00 ,0.00 ,0,0.00 
3416,融程電,935.00 ,789.00 ,727.00 ,593.00 ,0.24 ,3,0.01 
3419,譁裕,1102.00 ,946.00 ,826.00 ,722.00 ,0.21 ,0,0.00 
3432,台端,1497.00 ,1296.00 ,822.00 ,651.00 ,0.50 ,0,0.00 
3437,榮創,809.00 ,656.00 ,662.00 ,569.00 ,0.29 ,6,0.01 
3443,創意,3191.00 ,2919.00 ,2237.00 ,1856.00 ,0.00 ,0,0.00 
3450,聯鈞,815.00 ,599.00 ,648.00 ,575.00 ,0.30 ,6,0.01 
3454,晶睿,1114.00 ,960.00 ,909.00 ,721.00 ,0.29 ,2,0.00 
3481,群創,1312.00 ,1158.00 ,1122.00 ,747.00 ,0.13 ,30,0.00 
3494,誠研,848.00 ,709.00 ,610.00 ,476.00 ,0.22 ,0,0.00 
3501,維熹,723.00 ,608.00 ,564.00 ,475.00 ,0.51 ,0,0.00 
3504,揚明光,899.00 ,766.00 ,739.00 ,622.00 ,0.18 ,12,0.01 
3515,華擎,2928.00 ,2703.00 ,2277.00 ,1937.00 ,0.38 ,0,0.00 
3518,柏騰,1395.00 ,1239.00 ,868.00 ,819.00 ,0.20 ,1,0.02 
3528,安馳,1847.00 ,1644.00 ,1116.00 ,1029.00 ,0.33 ,0,0.00 
3530,晶相光,3592.00 ,3356.00 ,1539.00 ,1172.00 ,0.14 ,0,0.00 
3532,台勝科,1378.00 ,1209.00 ,1257.00 ,1198.00 ,0.05 ,0,0.00 
3533,嘉澤,2316.00 ,2067.00 ,1437.00 ,1185.00 ,0.24 ,0,0.00 
3535,晶彩科,1011.00 ,851.00 ,855.00 ,750.00 ,0.03 ,3,0.01 
3543,州巧,887.00 ,752.00 ,675.00 ,566.00 ,0.06 ,13,0.03 
3545,敦泰,3248.00 ,2987.00 ,2679.00 ,1963.00 ,0.03 ,0,0.00 
3550,聯穎,1104.00 ,937.00 ,813.00 ,745.00 ,0.32 ,0,0.00 
3557,嘉威,2309.00 ,2084.00 ,1177.00 ,885.00 ,0.30 ,0,0.00 
3563,牧德,1394.00 ,1183.00 ,1157.00 ,943.00 ,0.04 ,0,0.00 
3576,聯合再生,884.00 ,708.00 ,665.00 ,450.00 ,0.24 ,17,0.01 
3583,辛耘,1069.00 ,919.00 ,884.00 ,749.00 ,0.22 ,3,0.01 
3588,通嘉,2352.00 ,2144.00 ,1715.00 ,1526.00 ,0.18 ,0,0.00 
3591,艾笛森,939.00 ,783.00 ,634.00 ,505.00 ,0.34 ,1,0.01 
3592,瑞鼎,6466.00 ,6119.00 ,N/A,N/A,0.08 ,0,0.00 
3593,力銘,975.00 ,803.00 ,653.00 ,643.00 ,0.05 ,0,0.00 
3596,智易,2212.00 ,1975.00 ,1805.00 ,1598.00 ,0.19 ,0,0.00 
3605,宏致,971.00 ,769.00 ,823.00 ,634.00 ,0.37 ,4,0.01 
3607,谷崧,714.00 ,560.00 ,611.00 ,545.00 ,0.09 ,0,0.00 
3617,碩天,1209.00 ,1041.00 ,936.00 ,841.00 ,0.33 ,0,0.00 
3622,洋華,1168.00 ,1036.00 ,832.00 ,699.00 ,0.22 ,0,0.00 
3645,達邁,983.00 ,845.00 ,827.00 ,755.00 ,0.18 ,0,0.00 
3652,精聯,1062.00 ,921.00 ,808.00 ,730.00 ,0.25 ,3,0.01 
3653,健策,945.00 ,853.00 ,727.00 ,612.00 ,0.23 ,13,0.01 
3661,世芯-KY,N/A,N/A,N/A,N/A,0.16 ,0,0.00 
3665,貿聯-KY,N/A,N/A,N/A,N/A,0.34 ,70,0.00 
3669,圓展,1157.00 ,1006.00 ,953.00 ,773.00 ,0.15 ,0,0.00 
3673,TPK-KY,N/A,N/A,N/A,N/A,0.25 ,26,0.00 
3679,新至陞,1750.00 ,1555.00 ,649.00 ,615.00 ,0.33 ,6,0.00 
3686,達能,1379.00 ,1204.00 ,780.00 ,622.00 ,0.20 ,0,0.00 
3694,海華,1282.00 ,1144.00 ,1003.00 ,912.00 ,0.02 ,0,0.00 
3701,大眾控,2962.00 ,2776.00 ,902.00 ,750.00 ,0.17 ,0,0.00 
3702,大聯大,2848.00 ,2586.00 ,1714.00 ,1484.00 ,0.37 ,0,0.00 
3703,欣陸,2069.00 ,1475.00 ,768.00 ,707.00 ,0.08 ,1,0.00 
3704,合勤控,1648.00 ,1446.00 ,1078.00 ,895.00 ,0.29 ,0,0.00 
3705,永信,1964.00 ,1667.00 ,772.00 ,674.00 ,0.67 ,0,0.00 
3706,神達,2650.00 ,2650.00 ,1147.00 ,1001.00 ,0.28 ,1,0.00 
3708,上緯投控,1523.00 ,1340.00 ,758.00 ,620.00 ,0.27 ,0,0.00 
3711,日月光投控,4584.00 ,3674.00 ,915.00 ,726.00 ,0.52 ,0,0.00 
3712,永崴投控,2875.00 ,2818.00 ,970.00 ,849.00 ,0.33 ,0,0.00 
3714,富采,2782.00 ,2575.00 ,883.00 ,720.00 ,0.25 ,0,0.00 
4104,佳醫,1159.00 ,999.00 ,893.00 ,756.00 ,0.34 ,0,0.00 
4106,雃博,995.00 ,843.00 ,732.00 ,631.00 ,0.19 ,13,0.05 
4108,懷特,1238.00 ,1087.00 ,708.00 ,587.00 ,0.63 ,0,0.00 
4119,旭富,876.00 ,727.00 ,696.00 ,634.00 ,0.18 ,0,0.00 
4133,亞諾法,867.00 ,726.00 ,621.00 ,547.00 ,0.44 ,0,0.00 
4137,麗豐-KY,N/A,N/A,N/A,N/A,0.73 ,0,0.00 
4142,國光生,926.00 ,800.00 ,623.00 ,564.00 ,0.26 ,7,0.01 
4148,全宇生技-KY,N/A,N/A,N/A,N/A,0.24 ,5,0.01 
4155,訊映,797.00 ,673.00 ,709.00 ,623.00 ,0.50 ,0,0.00 
4164,承業醫,1722.00 ,1546.00 ,1019.00 ,857.00 ,0.06 ,6,0.03 
4190,佐登-KY,N/A,N/A,N/A,N/A,0.00 ,0,0.00 
4306,炎洲,701.00 ,597.00 ,571.00 ,537.00 ,0.30 ,0,0.00 
4414,如興,1552.00 ,1346.00 ,980.00 ,797.00 ,0.25 ,0,0.00 
4426,利勤,490.00 ,405.00 ,418.00 ,397.00 ,0.43 ,19,0.02 
4438,廣越,1037.00 ,868.00 ,835.00 ,772.00 ,0.47 ,0,0.00 
4439,冠星-KY,N/A,N/A,N/A,N/A,0.32 ,0,0.00 
4440,宜新實業,823.00 ,718.00 ,609.00 ,620.00 ,0.00 ,0,0.00 
4526,東台,774.00 ,630.00 ,656.00 ,595.00 ,0.01 ,12,0.02 
4532,瑞智,1015.00 ,840.00 ,922.00 ,791.00 ,0.13 ,5,0.02 
4536,拓凱,1074.00 ,919.00 ,703.00 ,555.00 ,0.17 ,1,0.00 
4540,全球傳動,670.00 ,563.00 ,585.00 ,523.00 ,0.21 ,8,0.01 
4545,銘鈺,766.00 ,649.00 ,610.00 ,524.00 ,0.33 ,3,0.01 
4551,智伸科,2240.00 ,2024.00 ,1279.00 ,1027.00 ,0.33 ,0,0.00 
4552,力達-KY,N/A,N/A,N/A,N/A,0.20 ,0,0.00 
4555,氣立,707.00 ,573.00 ,498.00 ,440.00 ,0.28 ,0,0.00 
4557,永新-KY,N/A,N/A,N/A,N/A,0.00 ,6,0.01 
4560,強信-KY,N/A,N/A,N/A,N/A,0.05 ,9,0.01 
4562,穎漢,677.00 ,572.00 ,554.00 ,469.00 ,0.49 ,8,0.02 
4564,元翎,707.00 ,586.00 ,580.00 ,510.00 ,0.28 ,7,0.02 
4566,時碩工業,997.00 ,868.00 ,683.00 ,541.00 ,0.15 ,0,0.00 
4571,鈞興-KY,N/A,N/A,N/A,N/A,0.05 ,0,0.00 
4572,駐龍,595.00 ,508.00 ,532.00 ,474.00 ,0.25 ,1,0.00 
4576,大銀微系統,1062.00 ,928.00 ,876.00 ,762.00 ,0.18 ,2,0.00 
4581,光隆精密-KY,N/A,N/A,N/A,N/A,0.15 ,0,0.00 
4583,台灣精銳,733.00 ,635.00 ,N/A,N/A,0.29 ,5,0.01 
4720,德淵,960.00 ,797.00 ,727.00 ,658.00 ,0.24 ,1,0.00 
4722,國精化,1112.00 ,964.00 ,818.00 ,776.00 ,0.11 ,1,0.00 
4736,泰博,889.00 ,766.00 ,654.00 ,535.00 ,0.01 ,0,0.00 
4737,華廣,646.00 ,543.00 ,543.00 ,472.00 ,0.33 ,2,0.00 
4739,康普,1151.00 ,983.00 ,764.00 ,683.00 ,0.18 ,1,0.01 
4746,台耀,1146.00 ,1007.00 ,965.00 ,899.00 ,0.26 ,41,0.05 
4755,三福化,1109.00 ,886.00 ,969.00 ,859.00 ,0.00 ,1,0.00 
4763,材料-KY,N/A,N/A,N/A,N/A,0.08 ,23,0.06 
4764,雙鍵,947.00 ,823.00 ,730.00 ,663.00 ,0.22 ,0,0.00 
4766,南寶,1023.00 ,881.00 ,807.00 ,719.00 ,0.10 ,5,0.01 
4770,上品,1162.00 ,1019.00 ,931.00 ,753.00 ,0.13 ,10,0.03 
4807,日成-KY,N/A,N/A,N/A,N/A,0.38 ,0,0.00 
4904,遠傳,1146.00 ,965.00 ,962.00 ,837.00 ,0.32 ,27,0.01 
4906,正文,1138.00 ,963.00 ,952.00 ,812.00 ,0.03 ,5,0.02 
4912,聯德控股-KY,N/A,N/A,N/A,N/A,0.15 ,180,0.31 
4915,致伸,2108.00 ,1869.00 ,1662.00 ,1362.00 ,0.24 ,23,0.00 
4916,事欣科,1809.00 ,1634.00 ,674.00 ,669.00 ,0.50 ,0,0.00 
4919,新唐,1899.00 ,1742.00 ,1691.00 ,1341.00 ,0.13 ,5,0.00 
4927,泰鼎-KY,N/A,N/A,N/A,N/A,0.33 ,73,0.01 
4930,燦星網,993.00 ,839.00 ,799.00 ,612.00 ,0.40 ,0,0.00 
4934,太極,1509.00 ,1346.00 ,898.00 ,835.00 ,0.25 ,0,0.00 
4935,茂林-KY,N/A,N/A,N/A,N/A,0.30 ,0,0.00 
4938,和碩,1490.00 ,1264.00 ,1236.00 ,984.00 ,0.18 ,8,0.00 
4942,嘉彰,1147.00 ,1011.00 ,764.00 ,572.00 ,0.26 ,0,0.00 
4943,康控-KY,N/A,N/A,N/A,N/A,0.00 ,0,0.00 
4952,凌通,2717.00 ,2472.00 ,2346.00 ,2223.00 ,0.17 ,0,0.00 
4956,光鋐,742.00 ,622.00 ,660.00 ,566.00 ,0.26 ,0,0.00 
4958,臻鼎-KY,N/A,N/A,N/A,N/A,0.15 ,34,0.00 
4960,誠美材,971.00 ,777.00 ,766.00 ,696.00 ,0.12 ,20,0.02 
4961,天鈺,2909.00 ,2672.00 ,2345.00 ,1836.00 ,0.25 ,0,0.00 
4967,十銓,770.00 ,637.00 ,614.00 ,536.00 ,0.10 ,0,0.00 
4968,立積,1548.00 ,1350.00 ,1480.00 ,1205.00 ,0.04 ,0,0.00 
4976,佳凌,617.00 ,523.00 ,549.00 ,522.00 ,0.20 ,4,0.00 
4977,眾達-KY,N/A,N/A,N/A,N/A,0.25 ,0,0.00 
4989,榮科,1374.00 ,1154.00 ,1119.00 ,1071.00 ,0.21 ,0,0.00 
4994,傳奇,902.00 ,765.00 ,723.00 ,650.00 ,0.43 ,0,0.00 
4999,鑫禾,841.00 ,725.00 ,684.00 ,530.00 ,0.25 ,0,0.00 
5007,三星,839.00 ,699.00 ,703.00 ,667.00 ,0.10 ,20,0.01 
5203,訊連,1692.00 ,1491.00 ,1405.00 ,1125.00 ,0.15 ,0,0.00 
5215,科嘉-KY,N/A,N/A,N/A,N/A,0.35 ,9,0.00 
5222,全訊,999.00 ,813.00 ,765.00 ,691.00 ,0.00 ,0,0.00 
5225,東科-KY,N/A,N/A,N/A,N/A,0.17 ,0,0.00 
5234,達興材料,1790.00 ,1595.00 ,1466.00 ,1097.00 ,0.23 ,0,0.00 
5243,乙盛-KY,N/A,N/A,N/A,N/A,0.19 ,1,0.00 
5244,弘凱,1984.00 ,1802.00 ,1189.00 ,934.00 ,0.00 ,0,0.00 
5258,虹堡,906.00 ,752.00 ,707.00 ,586.00 ,0.02 ,0,0.00 
5269,祥碩,3882.00 ,3605.00 ,2475.00 ,1984.00 ,0.09 ,0,0.00 
5283,禾聯碩,778.00 ,667.00 ,665.00 ,606.00 ,0.14 ,11,0.02 
5284,jpp-KY,N/A,N/A,N/A,N/A,0.19 ,21,0.02 
5285,界霖,697.00 ,614.00 ,568.00 ,538.00 ,0.45 ,1,0.00 
5288,豐祥-KY,N/A,N/A,N/A,N/A,0.08 ,7,0.00 
5306,桂盟,1463.00 ,1302.00 ,803.00 ,691.00 ,0.30 ,0,0.00 
5388,中磊,1066.00 ,915.00 ,912.00 ,591.00 ,0.18 ,3,0.00 
5434,崇越,2137.00 ,1893.00 ,1529.00 ,1179.00 ,0.24 ,0,0.00 
5469,瀚宇博,1138.00 ,989.00 ,828.00 ,730.00 ,0.17 ,7,0.01 
5471,松翰,2364.00 ,2143.00 ,2127.00 ,1925.00 ,0.14 ,0,0.00 
5484,慧友,797.00 ,648.00 ,670.00 ,584.00 ,0.27 ,0,0.00 
5515,建國,1104.00 ,942.00 ,917.00 ,748.00 ,0.18 ,0,0.00 
5519,隆大,1583.00 ,1323.00 ,1028.00 ,955.00 ,0.05 ,1,0.01 
5521,工信,712.00 ,594.00 ,709.00 ,585.00 ,0.05 ,0,0.00 
5522,遠雄,2643.00 ,2350.00 ,1936.00 ,1729.00 ,0.38 ,0,0.00 
5525,順天,899.00 ,751.00 ,759.00 ,777.00 ,0.30 ,0,0.00 
5531,鄉林,1134.00 ,986.00 ,707.00 ,608.00 ,0.00 ,0,0.00 
5533,皇鼎,1354.00 ,999.00 ,832.00 ,804.00 ,0.45 ,0,0.00 
5534,長虹,1482.00 ,1288.00 ,946.00 ,913.00 ,0.12 ,0,0.00 
5538,東明-KY,N/A,N/A,N/A,N/A,0.50 ,0,0.00 
5546,永固-KY,N/A,N/A,N/A,N/A,0.22 ,0,0.00 
5607,遠雄港,3325.00 ,2942.00 ,1015.00 ,885.00 ,0.50 ,0,0.00 
5608,四維航,2193.00 ,2033.00 ,1739.00 ,1570.00 ,0.75 ,0,0.00 
5706,鳳凰,336.00 ,239.00 ,406.00 ,377.00 ,0.50 ,0,0.00 
5871,中租-KY,N/A,N/A,N/A,N/A,0.29 ,8,0.00 
5876,上海商銀,1669.00 ,1332.00 ,1290.00 ,1191.00 ,0.24 ,12,0.00 
5880,合庫金,1910.00 ,1514.00 ,1456.00 ,1344.00 ,0.56 ,4,0.00 
5906,台南-KY,N/A,N/A,N/A,N/A,0.33 ,0,0.00 
5907,大洋-KY,N/A,N/A,N/A,N/A,0.52 ,0,0.00 
6005,群益證,1543.00 ,1373.00 ,1216.00 ,845.00 ,0.49 ,6,0.00 
6024,群益期,1395.00 ,1212.00 ,1197.00 ,840.00 ,0.29 ,2,0.01 
6108,競國,694.00 ,609.00 ,580.00 ,546.00 ,0.17 ,0,0.00 
6112,邁達特,1130.00 ,963.00 ,992.00 ,788.00 ,0.43 ,4,0.01 
6115,鎰勝,1100.00 ,963.00 ,844.00 ,684.00 ,0.21 ,0,0.00 
6116,彩晶,1360.00 ,1240.00 ,1157.00 ,1014.00 ,0.13 ,21,0.01 
6117,迎廣,731.00 ,626.00 ,633.00 ,522.00 ,0.27 ,6,0.01 
6120,達運,1271.00 ,1065.00 ,890.00 ,711.00 ,0.18 ,3,0.00 
6128,上福,769.00 ,654.00 ,564.00 ,494.00 ,0.16 ,2,0.00 
6133,金橋,875.00 ,730.00 ,680.00 ,577.00 ,0.17 ,0,0.00 
6136,富爾特,1152.00 ,1019.00 ,840.00 ,739.00 ,0.38 ,0,0.00 
6139,亞翔,742.00 ,596.00 ,551.00 ,463.00 ,0.13 ,2,0.00 
6141,柏承,715.00 ,599.00 ,588.00 ,512.00 ,0.01 ,4,0.01 
6142,友勁,737.00 ,611.00 ,566.00 ,408.00 ,0.26 ,1,0.00 
6152,百一,1185.00 ,1027.00 ,1017.00 ,882.00 ,0.00 ,0,0.00 
6153,嘉聯益,772.00 ,622.00 ,614.00 ,543.00 ,0.16 ,13,0.01 
6155,鈞寶,632.00 ,530.00 ,512.00 ,455.00 ,0.30 ,2,0.01 
6164,華興,874.00 ,723.00 ,653.00 ,584.00 ,0.21 ,0,0.00 
6165,浪凡,2494.00 ,2311.00 ,699.00 ,551.00 ,0.50 ,0,0.00 
6166,凌華,1372.00 ,1185.00 ,1087.00 ,981.00 ,0.23 ,1,0.00 
6168,宏齊,989.00 ,856.00 ,802.00 ,702.00 ,0.31 ,4,0.00 
6176,瑞儀,1516.00 ,1335.00 ,1195.00 ,919.00 ,0.25 ,17,0.02 
6177,達麗,1258.00 ,1062.00 ,913.00 ,752.00 ,0.18 ,0,0.00 
6183,關貿,1272.00 ,1102.00 ,1089.00 ,955.00 ,0.06 ,1,0.00 
6184,大豐電,975.00 ,844.00 ,610.00 ,514.00 ,0.44 ,1,0.01 
6189,豐藝,1784.00 ,1539.00 ,1165.00 ,913.00 ,0.00 ,0,0.00 
6191,精成科,3786.00 ,3437.00 ,2164.00 ,1787.00 ,0.21 ,0,0.00 
6192,巨路,1387.00 ,1217.00 ,1097.00 ,962.00 ,0.16 ,1,0.00 
6196,帆宣,1879.00 ,1663.00 ,1370.00 ,1116.00 ,0.15 ,0,0.00 
6197,佳必琪,1298.00 ,1133.00 ,890.00 ,784.00 ,0.42 ,2,0.01 
6201,亞弘電,733.00 ,614.00 ,598.00 ,524.00 ,0.03 ,4,0.00 
6202,盛群,2503.00 ,2280.00 ,2036.00 ,1796.00 ,0.23 ,0,0.00 
6205,詮欣,1012.00 ,873.00 ,749.00 ,589.00 ,0.45 ,0,0.00 
6206,飛捷,1030.00 ,902.00 ,894.00 ,721.00 ,0.30 ,0,0.00 
6209,今國光,621.00 ,490.00 ,511.00 ,467.00 ,0.20 ,13,0.01 
6213,聯茂,1207.00 ,1032.00 ,872.00 ,609.00 ,0.13 ,0,0.00 
6214,精誠,1107.00 ,940.00 ,962.00 ,787.00 ,0.23 ,5,0.00 
6215,和椿,1213.00 ,1054.00 ,1077.00 ,971.00 ,0.03 ,0,0.00 
6216,居易,1306.00 ,1133.00 ,990.00 ,865.00 ,0.16 ,0,0.00 
6224,聚鼎,1387.00 ,1214.00 ,949.00 ,798.00 ,0.05 ,1,0.00 
6225,天瀚,1098.00 ,921.00 ,1015.00 ,1055.00 ,0.66 ,0,0.00 
6226,光鼎,1249.00 ,1103.00 ,859.00 ,711.00 ,0.50 ,0,0.00 
6230,尼得科超眾,756.00 ,630.00 ,685.00 ,553.00 ,0.18 ,7,0.01 
6235,華孚,1452.00 ,1296.00 ,932.00 ,729.00 ,0.23 ,0,0.00 
6239,力成,1041.00 ,908.00 ,891.00 ,734.00 ,0.30 ,9,0.00 
6243,迅杰,1752.00 ,1539.00 ,1211.00 ,1167.00 ,0.06 ,68,0.00 
6257,矽格,964.00 ,831.00 ,760.00 ,588.00 ,0.27 ,6,0.00 
6269,台郡,838.00 ,670.00 ,632.00 ,560.00 ,0.17 ,2,0.00 
6271,同欣電,1021.00 ,888.00 ,893.00 ,620.00 ,0.27 ,27,0.01 
6277,宏正,1333.00 ,1148.00 ,1087.00 ,929.00 ,0.17 ,1,0.00 
6278,台表科,1086.00 ,955.00 ,665.00 ,539.00 ,0.38 ,0,0.00 
6281,全國電,917.00 ,768.00 ,783.00 ,715.00 ,0.25 ,13,0.01 
6282,康舒,1151.00 ,985.00 ,988.00 ,767.00 ,0.03 ,41,0.00 
6283,淳安,1188.00 ,1015.00 ,901.00 ,762.00 ,0.46 ,0,0.00 
6285,啟,1075.00 ,915.00 ,984.00 ,736.00 ,0.21 ,18,0.00 
6288,聯嘉,814.00 ,666.00 ,764.00 ,512.00 ,0.18 ,2,0.02 
6405,悅城,757.00 ,654.00 ,669.00 ,648.00 ,0.26 ,5,0.02 
6409,旭隼,2133.00 ,1916.00 ,1254.00 ,1077.00 ,0.33 ,10,0.00 
6412,群電,2149.00 ,1921.00 ,1616.00 ,1352.00 ,0.19 ,0,0.00 
6414,樺漢,1458.00 ,1269.00 ,1118.00 ,1044.00 ,0.17 ,0,0.00 
6415,矽力*-KY,N/A,N/A,N/A,N/A,0.13 ,0,0.00 
6416,瑞祺電通,863.00 ,716.00 ,678.00 ,589.00 ,0.29 ,1,0.00 
6426,統新,775.00 ,648.00 ,609.00 ,541.00 ,0.00 ,0,0.00 
6431,光麗-KY,N/A,N/A,N/A,N/A,0.35 ,0,0.00 
6438,迅得,1216.00 ,1085.00 ,902.00 ,910.00 ,0.04 ,0,0.00 
6442,光聖,853.00 ,725.00 ,651.00 ,564.00 ,0.32 ,0,0.00 
6443,元晶,669.00 ,540.00 ,568.00 ,479.00 ,0.17 ,25,0.02 
6446,藥華藥,3686.00 ,3489.00 ,1153.00 ,918.00 ,0.48 ,0,0.00 
6449,鈺邦,1550.00 ,1379.00 ,984.00 ,777.00 ,0.18 ,0,0.00 
6451,訊芯-KY,N/A,N/A,N/A,N/A,0.24 ,0,0.00 
6456,GIS-KY,N/A,N/A,N/A,N/A,0.13 ,14,0.00 
6464,台數科,1565.00 ,1362.00 ,569.00 ,506.00 ,0.55 ,0,0.00 
6472,保瑞,1205.00 ,1066.00 ,689.00 ,513.00 ,0.29 ,2,0.00 
6477,安集,571.00 ,469.00 ,480.00 ,461.00 ,0.44 ,6,0.00 
6491,晶碩,883.00 ,763.00 ,768.00 ,649.00 ,0.28 ,48,0.03 
6504,南六,786.00 ,640.00 ,547.00 ,500.00 ,0.17 ,33,0.08 
6505,台塑化,1683.00 ,1490.00 ,1546.00 ,1452.00 ,0.08 ,2,0.00 
6515,穎崴,1060.00 ,907.00 ,909.00 ,763.00 ,0.23 ,0,0.00 
6525,捷敏-KY,N/A,N/A,N/A,N/A,0.51 ,3,0.00 
6531,愛普*,3604.00 ,3284.00 ,2594.00 ,1999.00 ,0.33 ,0,0.00 
6533,晶心科,1121.00 ,927.00 ,1824.00 ,1537.00 ,0.14 ,0,0.00 
6541,泰福-KY,N/A,N/A,N/A,N/A,0.14 ,0,0.00 
6550,北極星藥業-KY,N/A,N/A,N/A,N/A,0.38 ,0,0.00 
6552,易華電,588.00 ,514.00 ,526.00 ,473.00 ,0.25 ,0,0.00 
6558,興能高,1313.00 ,1134.00 ,827.00 ,721.00 ,0.45 ,0,0.00 
6573,虹揚-KY,N/A,N/A,N/A,N/A,0.15 ,0,0.00 
6579,研揚,1164.00 ,1035.00 ,946.00 ,817.00 ,0.14 ,3,0.01 
6581,鋼聯,1177.00 ,1009.00 ,814.00 ,805.00 ,0.09 ,0,0.00 
6582,申豐,2190.00 ,1999.00 ,1267.00 ,1044.00 ,0.20 ,0,0.00 
6585,鼎基,879.00 ,747.00 ,N/A,N/A,0.21 ,4,0.01 
6591,動力-KY,N/A,N/A,N/A,N/A,0.01 ,0,0.00 
6592,和潤企業,1449.00 ,1249.00 ,1186.00 ,939.00 ,0.18 ,0,0.00 
6598,ABC-KY,N/A,N/A,N/A,N/A,0.29 ,0,0.00 
6605,帝寶,669.00 ,559.00 ,586.00 ,547.00 ,0.12 ,7,0.00 
6625,必應,777.00 ,663.00 ,583.00 ,515.00 ,0.23 ,1,0.00 
6641,基士德-KY,N/A,N/A,N/A,N/A,0.31 ,1,0.00 
6655,科定,926.00 ,821.00 ,799.00 ,650.00 ,0.09 ,12,0.02 
6666,羅麗芬-KY,N/A,N/A,N/A,N/A,0.46 ,0,0.00 
6668,中揚光,901.00 ,779.00 ,729.00 ,670.00 ,0.22 ,2,0.00 
6669,緯穎,1228.00 ,1083.00 ,1158.00 ,978.00 ,0.22 ,5,0.00 
6670,復盛應用,973.00 ,817.00 ,810.00 ,708.00 ,0.20 ,8,0.01 
6671,三能-KY,N/A,N/A,N/A,N/A,0.37 ,9,0.01 
6672,騰輝電子-KY,N/A,N/A,N/A,N/A,0.17 ,11,0.01 
6674,鋐寶科技,1206.00 ,1044.00 ,919.00 ,770.00 ,0.20 ,0,0.00 
6691,洋基工程,2208.00 ,2057.00 ,1211.00 ,1002.00 ,0.14 ,12,0.02 
6698,旭暉應材,691.00 ,567.00 ,551.00 ,461.00 ,0.30 ,0,0.00 
6706,惠特,1237.00 ,1125.00 ,997.00 ,671.00 ,0.24 ,1,0.00 
6715,嘉基,1587.00 ,1380.00 ,1047.00 ,953.00 ,0.14 ,94,0.00 
6719,力智,2603.00 ,2354.00 ,1877.00 ,1573.00 ,0.03 ,0,0.00 
6743,安普新,1140.00 ,978.00 ,849.00 ,717.00 ,0.20 ,3,0.02 
6754,匯僑設計,1160.00 ,989.00 ,995.00 ,879.00 ,0.32 ,3,0.01 
6756,威鋒電子,2776.00 ,2520.00 ,2389.00 ,1714.00 ,0.18 ,0,0.00 
6768,志強-KY,N/A,N/A,N/A,N/A,0.39 ,1,0.00 
6770,力積電,1953.00 ,1758.00 ,1501.00 ,1315.00 ,0.13 ,4,0.00 
6776,展眥篕,1432.00 ,1188.00 ,1057.00 ,903.00 ,0.45 ,0,0.00 
6781,AES-KY,N/A,N/A,N/A,N/A,0.12 ,0,0.00 
6789,采鈺,1536.00 ,1340.00 ,1381.00 ,1086.00 ,0.20 ,0,0.00 
6790,永豐實,1018.00 ,840.00 ,827.00 ,714.00 ,0.35 ,8,0.01 
6792,詠業,1089.00 ,961.00 ,836.00 ,666.00 ,0.11 ,11,0.02 
6796,晉弘,935.00 ,782.00 ,N/A,N/A,0.24 ,0,0.00 
6799,來頡,2881.00 ,2672.00 ,N/A,N/A,0.18 ,0,0.00 
6806,森崴能源,1624.00 ,1460.00 ,1068.00 ,781.00 ,0.10 ,0,0.00 
6807,峰源-KY,N/A,N/A,N/A,N/A,0.29 ,370,0.20 
8011,台通,646.00 ,529.00 ,593.00 ,553.00 ,0.29 ,7,0.03 
8016,矽創,5225.00 ,4949.00 ,4263.00 ,3885.00 ,0.28 ,1,0.00 
8021,尖點,1052.00 ,953.00 ,721.00 ,631.00 ,0.19 ,0,0.00 
8028,昇陽半導體,960.00 ,801.00 ,713.00 ,688.00 ,0.34 ,10,0.01 
8033,雷虎,1115.00 ,967.00 ,609.00 ,593.00 ,0.11 ,39,0.00 
8039,台虹,1052.00 ,847.00 ,811.00 ,727.00 ,0.10 ,3,0.00 
8046,南電,1352.00 ,1196.00 ,1184.00 ,1147.00 ,0.10 ,0,0.00 
8070,長華*,3323.00 ,3086.00 ,1981.00 ,1312.00 ,0.34 ,0,0.00 
8072,陞泰,1017.00 ,894.00 ,554.00 ,475.00 ,0.50 ,0,0.00 
8081,致新,3033.00 ,2756.00 ,2601.00 ,2470.00 ,0.21 ,0,0.00 
8101,華冠,1100.00 ,938.00 ,818.00 ,647.00 ,0.14 ,1,0.00 
8103,瀚荃,1191.00 ,1012.00 ,928.00 ,790.00 ,0.33 ,0,0.00 
8104,錸寶,973.00 ,813.00 ,702.00 ,597.00 ,0.05 ,5,0.02 
8105,凌巨,905.00 ,770.00 ,762.00 ,657.00 ,0.25 ,3,0.00 
8110,華東,689.00 ,587.00 ,575.00 ,505.00 ,0.34 ,4,0.00 
8112,至上,2509.00 ,2121.00 ,1380.00 ,1238.00 ,0.15 ,0,0.00 
8114,振樺電,849.00 ,725.00 ,691.00 ,565.00 ,0.48 ,1,0.00 
8131,福懋科,676.00 ,581.00 ,572.00 ,543.00 ,0.07 ,2,0.00 
8150,南茂,1214.00 ,1018.00 ,1043.00 ,993.00 ,0.21 ,6,0.00 
8163,達方,1389.00 ,1217.00 ,1125.00 ,941.00 ,0.19 ,2,0.00 
8201,無敵,1120.00 ,939.00 ,829.00 ,754.00 ,0.29 ,0,0.00 
8210,勤誠,1922.00 ,1676.00 ,1299.00 ,900.00 ,0.17 ,0,0.00 
8213,志超,3668.00 ,3425.00 ,1549.00 ,1337.00 ,0.28 ,2,0.01 
8215,明基材,1192.00 ,1032.00 ,1055.00 ,745.00 ,0.27 ,4,0.00 
8222,寶一,589.00 ,488.00 ,462.00 ,428.00 ,0.29 ,0,0.00 
8249,菱光,2102.00 ,1854.00 ,1425.00 ,1198.00 ,0.17 ,0,0.00 
8261,富鼎,2320.00 ,2058.00 ,1897.00 ,1512.00 ,0.15 ,3,0.02 
8271,宇瞻,1413.00 ,1178.00 ,1084.00 ,959.00 ,0.31 ,0,0.00 
8341,日友,1259.00 ,1102.00 ,942.00 ,705.00 ,0.09 ,7,0.02 
8367,建新國際,929.00 ,785.00 ,761.00 ,686.00 ,0.32 ,16,0.03 
8374,羅昇,1313.00 ,1133.00 ,946.00 ,836.00 ,0.20 ,0,0.00 
8404,百和興業-KY,N/A,N/A,N/A,N/A,0.00 ,27,0.01 
8411,福貞-KY,N/A,N/A,N/A,N/A,0.27 ,8,0.01 
8422,可寧衛,1129.00 ,964.00 ,838.00 ,647.00 ,0.00 ,3,0.02 
8429,金麗-KY,N/A,N/A,N/A,N/A,0.00 ,0,0.00 
8438,昶昕,849.00 ,733.00 ,655.00 ,559.00 ,0.33 ,3,0.00 
8442,威宏-KY,N/A,N/A,N/A,N/A,0.00 ,0,0.00 
8443,阿瘦,578.00 ,468.00 ,512.00 ,461.00 ,0.50 ,15,0.03 
8454,富邦媒,975.00 ,803.00 ,867.00 ,743.00 ,0.56 ,47,0.02 
8462,柏文,840.00 ,738.00 ,522.00 ,455.00 ,0.52 ,7,0.00 
8463,潤泰材,868.00 ,713.00 ,643.00 ,555.00 ,0.01 ,5,0.02 
8464,億豐,1952.00 ,1733.00 ,1373.00 ,1095.00 ,0.23 ,4,0.02 
8466,美吉吉-KY,N/A,N/A,N/A,N/A,0.22 ,21,0.02 
8467,波力-KY,N/A,N/A,N/A,N/A,0.08 ,0,0.00 
8473,山林水,575.00 ,467.00 ,520.00 ,464.00 ,0.00 ,0,0.00 
8476,台境,841.00 ,711.00 ,586.00 ,519.00 ,0.15 ,0,0.00 
8478,東哥遊艇,1173.00 ,1078.00 ,857.00 ,794.00 ,0.19 ,5,0.01 
8481,政伸,1296.00 ,1157.00 ,1111.00 ,1022.00 ,0.38 ,3,0.01 
8482,商億-KY,N/A,N/A,N/A,N/A,0.05 ,155,0.08 
8488,吉源-KY,N/A,N/A,N/A,N/A,0.22 ,0,0.00 
8499,鼎炫-KY,N/A,N/A,N/A,N/A,0.40 ,0,0.00 
8926,台汽電,1684.00 ,1413.00 ,1192.00 ,1029.00 ,0.15 ,0,0.00 
8940,新天地,719.00 ,593.00 ,546.00 ,462.00 ,0.49 ,6,0.01 
8996,高力,923.00 ,809.00 ,756.00 ,716.00 ,0.22 ,3,0.01 
9802,鈺齊-KY,N/A,N/A,N/A,N/A,0.68 ,34,0.02 
9902,台火,1227.00 ,994.00 ,668.00 ,710.00 ,0.38 ,0,0.00 
9904,寶成,924.00 ,788.00 ,813.00 ,598.00 ,0.54 ,8,0.00 
9905,大華,795.00 ,633.00 ,668.00 ,625.00 ,0.20 ,2,0.01 
9906,欣巴巴,1135.00 ,968.00 ,676.00 ,558.00 ,0.57 ,1,0.02 
9907,統一實,992.00 ,826.00 ,824.00 ,791.00 ,0.10 ,7,0.01 
9908,大台北,1249.00 ,1074.00 ,1022.00 ,978.00 ,0.04 ,0,0.00 
9910,豐泰,1321.00 ,1147.00 ,1154.00 ,862.00 ,0.42 ,68,0.00 
9911,櫻花,943.00 ,825.00 ,748.00 ,637.00 ,0.23 ,7,0.01 
9912,偉聯,1439.00 ,1220.00 ,856.00 ,774.00 ,0.10 ,0,0.00 
9914,美利達,1081.00 ,965.00 ,938.00 ,773.00 ,0.16 ,15,0.01 
9917,中保科,905.00 ,760.00 ,729.00 ,677.00 ,0.29 ,41,0.02 
9918,欣天然,1211.00 ,1032.00 ,938.00 ,865.00 ,0.24 ,0,0.00 
9919,康那香,760.00 ,648.00 ,552.00 ,484.00 ,0.40 ,12,0.01 
9921,巨大,1030.00 ,894.00 ,875.00 ,710.00 ,0.33 ,0,0.00 
9924,福興,684.00 ,578.00 ,552.00 ,466.00 ,0.28 ,10,0.01 
9925,新保,813.00 ,676.00 ,659.00 ,609.00 ,0.06 ,19,0.01 
9926,新海,1159.00 ,979.00 ,1222.00 ,1279.00 ,0.24 ,0,0.00 
9927,泰銘,902.00 ,757.00 ,668.00 ,633.00 ,0.09 ,0,0.00 
9928,中視,782.00 ,653.00 ,683.00 ,623.00 ,0.29 ,3,0.01 
9929,秋雨,654.00 ,536.00 ,501.00 ,470.00 ,0.40 ,1,0.01 
9930,中聯資源,1756.00 ,1526.00 ,1368.00 ,1259.00 ,0.09 ,0,0.00 
9931,欣高,1100.00 ,937.00 ,897.00 ,820.00 ,0.02 ,0,0.00 
9933,中鼎,1436.00 ,1249.00 ,1191.00 ,1074.00 ,0.14 ,0,0.00 
9934,成霖,1259.00 ,1088.00 ,624.00 ,589.00 ,0.34 ,0,0.00 
9935,慶豐富,634.00 ,563.00 ,544.00 ,478.00 ,0.17 ,6,0.01 
9937,全國,438.00 ,367.00 ,487.00 ,393.00 ,0.48 ,27,0.01 
9938,百和,880.00 ,767.00 ,671.00 ,525.00 ,0.14 ,20,0.02 
9939,宏全,766.00 ,673.00 ,648.00 ,599.00 ,0.05 ,2,0.01 
9940,信義,1570.00 ,1412.00 ,1263.00 ,945.00 ,0.19 ,191,0.04 
9941,裕融,1732.00 ,1560.00 ,1285.00 ,1063.00 ,0.29 ,3,0.00 
9942,茂順,703.00 ,590.00 ,567.00 ,518.00 ,0.20 ,4,0.00 
9943,好樂迪,464.00 ,383.00 ,419.00 ,374.00 ,0.05 ,14,0.01 
9944,新麗,714.00 ,613.00 ,608.00 ,525.00 ,0.38 ,0,0.00 
9945,潤泰新,1110.00 ,983.00 ,653.00 ,376.00 ,0.38 ,0,0.00 
9946,三發地產,1205.00 ,1035.00 ,834.00 ,771.00 ,0.34 ,2,0.02 
9955,佳龍,754.00 ,599.00 ,527.00 ,429.00 ,0.29 ,0,0.00 
9958,世紀鋼,841.00 ,717.00 ,690.00 ,638.00 ,0.06 ,2,0.01 
