id,name,d_seats,id_seats,fe_d_seats,fe_d_ratio,da_rate,dfe_ratio
1101,台泥,15.00 ,5.00 ,4.00 ,0.27,1,1
1102,亞泥,14.00 ,3.00 ,0.00 ,0,0.93,1
1103,嘉泥,7.00 ,3.00 ,1.00 ,0.14,0.95,1
1104,環泥,7.00 ,3.00 ,0.00 ,0,1,1
1108,幸福,7.00 ,3.00 ,2.00 ,0.29,1,1
1109,信大,9.00 ,3.00 ,1.00 ,0.11,0.98,0.33
1110,東泥,10.00 ,3.00 ,1.00 ,0.1,0.98,1
1201,味全,9.00 ,3.00 ,0.00 ,0,0.98,1
1203,味王,15.00 ,3.00 ,1.00 ,0.07,0.75,0.27
1210,大成,11.00 ,3.00 ,0.00 ,0,0.97,0.93
1213,大飲,9.00 ,3.00 ,1.00 ,0.11,0.94,0.33
1215,卜蜂,8.00 ,3.00 ,0.00 ,0,0.9,1
1216,統一,13.00 ,3.00 ,2.00 ,0.15,0.98,1
1217,愛之味,9.00 ,3.00 ,0.00 ,0,0.91,0.78
1218,泰山,8.00 ,3.00 ,1.00 ,0.13,0.99,1
1219,福壽,9.00 ,3.00 ,3.00 ,0.33,0.92,1
1220,台榮,13.00 ,3.00 ,2.00 ,0.17,0.92,0.08
1225,福懋油,9.00 ,3.00 ,2.00 ,0.22,0.86,0.56
1227,佳格,8.00 ,4.00 ,1.00 ,0.13,0.93,1
1229,聯華,10.00 ,3.00 ,1.00 ,0.1,0.94,1
1231,聯華食,9.00 ,3.00 ,2.00 ,0.22,1,1
1232,大統益,11.00 ,3.00 ,0.00 ,0,1,1
1233,天仁,9.00 ,3.00 ,0.00 ,0,1,1
1234,黑松,13.00 ,3.00 ,2.00 ,0.15,0.98,1
1235,興泰,7.00 ,3.00 ,1.00 ,0.14,0.94,0.43
1236,宏亞,6.00 ,3.00 ,3.00 ,0.5,1,1
1256,鮮活果汁-KY,8.00 ,3.00 ,1.00 ,0.13,1,1
1301,台塑,15.00 ,4.00 ,2.00 ,0.13,0.96,1
1303,南亞,15.00 ,3.00 ,2.00 ,0.13,0.97,1
1304,台聚,9.00 ,4.00 ,0.00 ,0,0.91,1
1305,華夏,9.00 ,4.00 ,0.00 ,0,1,0.91
1307,三芳,7.00 ,3.00 ,0.00 ,0,0.88,1
1308,亞聚,9.00 ,4.00 ,0.00 ,0,1,1
1309,台達化,9.00 ,4.00 ,1.00 ,0.11,0.98,1
1310,台苯,11.00 ,3.00 ,1.00 ,0.09,0.95,1
1312,國喬,7.00 ,3.00 ,1.00 ,0.14,0.98,1
1313,聯成,10.00 ,3.00 ,0.00 ,0,0.95,1
1314,中石化,9.00 ,3.00 ,0.00 ,0,0.87,1
1315,達新,8.00 ,3.00 ,0.00 ,0,1,1
1316,上曜,7.00 ,3.00 ,2.00 ,0.29,1,1
1319,東陽,7.00 ,3.00 ,1.00 ,0.14,0.98,0.14
1321,大洋,10.00 ,4.00 ,2.00 ,0.2,0.98,1
1323,永裕,11.00 ,4.00 ,0.00 ,0,0.98,1
1324,地球,5.00 ,3.00 ,0.00 ,0,1,1
1325,恆大,7.00 ,3.00 ,3.00 ,0.43,1,0.29
1326,台化,15.00 ,3.00 ,1.00 ,0.07,0.9,1
1337,再生-KY,7.00 ,3.00 ,0.00 ,0,1,1
1338,廣華-KY,7.00 ,3.00 ,0.00 ,0,1,1
1339,昭輝,9.00 ,4.00 ,3.00 ,0.33,1,1
1340,勝悅-KY,7.00 ,3.00 ,1.00 ,0.14,1,1
1341,富林-KY,7.00 ,3.00 ,0.00 ,0,1,1
1342,八貫,7.00 ,3.00 ,1.00 ,0.14,0.91,1
1402,遠東新,13.00 ,3.00 ,2.00 ,0.15,0.94,1
1409,新纖,12.00 ,3.00 ,1.00 ,0.08,0.97,1
1410,南染,7.00 ,4.00 ,0.00 ,0,0.93,0.57
1413,宏洲,11.00 ,3.00 ,2.00 ,0.18,0.82,1
1414,東和,7.00 ,3.00 ,1.00 ,0.14,1,0.64
1416,廣豐,8.00 ,3.00 ,0.00 ,0,0.96,1
1417,嘉裕,7.00 ,3.00 ,2.00 ,0.29,0.98,1
1418,東華,9.00 ,3.00 ,0.00 ,0,0.89,0
1419,新紡,7.00 ,3.00 ,0.00 ,0,1,1
1423,利華,5.00 ,3.00 ,5.00 ,1,0.95,1
1432,大魯閣,9.00 ,4.00 ,2.00 ,0.22,0.88,1
1434,福懋,10.00 ,3.00 ,1.00 ,0.1,0.98,1
1435,中福,7.00 ,3.00 ,0.00 ,0,0,0
1436,華友聯,9.00 ,4.00 ,0.00 ,0,1,1
1437,勤益控,7.00 ,3.00 ,0.00 ,0,1,1
1438,三地開發,7.00 ,3.00 ,2.00 ,0.29,0.96,0.29
1439,雋揚,7.00 ,3.00 ,1.00 ,0.14,0.96,1
1440,南紡,20.00 ,4.00 ,5.00 ,0.25,0.91,1
1441,大東,7.00 ,3.00 ,1.00 ,0.83,0.98,1
1442,名軒,7.00 ,3.00 ,2.00 ,0.29,0.99,1
1443,立益物流,7.00 ,2.00 ,0.00 ,0,0.83,0.11
1444,力麗,9.00 ,3.00 ,1.00 ,0.11,0.83,1
1445,大宇,11.00 ,3.00 ,1.00 ,0.09,0.98,0.27
1446,宏和,9.00 ,3.00 ,2.00 ,0.22,0.72,0.22
1447,力鵬,9.00 ,3.00 ,2.00 ,0.22,0.97,1
1449,佳和,9.00 ,2.00 ,0.00 ,0,0.78,0.89
1451,年興,9.00 ,3.00 ,0.00 ,0,0.98,1
1452,宏益,9.00 ,3.00 ,1.00 ,0.11,0.94,1
1453,大將,7.00 ,3.00 ,1.00 ,0.14,0.91,0.14
1454,台富,9.00 ,4.00 ,2.00 ,0.22,0.94,0.44
1455,集盛,10.00 ,3.00 ,1.00 ,0.1,0.96,0.8
1456,怡華,11.00 ,3.00 ,2.00 ,0.18,0.97,1
1457,宜進,9.00 ,3.00 ,3.00 ,0.33,0.89,1
1459,聯發,9.00 ,3.00 ,0.00 ,0,0.94,1
1460,宏遠,11.00 ,3.00 ,0.00 ,0,0.84,1
1463,強盛,12.00 ,3.00 ,2.00 ,0.17,0.96,0.58
1464,得力,7.00 ,3.00 ,0.00 ,0,1,1
1465,偉全,7.00 ,3.00 ,1.00 ,0.14,0.95,1
1466,聚隆,10.00 ,3.00 ,2.00 ,0.2,0.97,0.9
1467,南緯,11.00 ,3.00 ,1.00 ,0.09,1,0.09
1468,昶和,7.00 ,3.00 ,1.00 ,0.14,0.97,1
1470,大統新創,11.00 ,3.00 ,0.00 ,0,0,0.27
1471,首利,7.00 ,3.00 ,2.00 ,0.29,0.83,0.43
1472,三洋實業,7.00 ,4.00 ,1.00 ,0.14,0.96,1
1473,台南,11.00 ,3.00 ,5.00 ,0.45,0.96,1
1474,弘裕,11.00 ,3.00 ,1.00 ,0.09,0.88,0.61
1475,業旺,5.00 ,3.00 ,1.00 ,0.2,1,0.4
1476,儒鴻,12.00 ,4.00 ,1.00 ,0.08,0.96,1
1477,聚陽,15.00 ,3.00 ,6.00 ,0.4,0.99,1
1503,士電,15.00 ,3.00 ,0.00 ,0,0.85,1
1504,東元,11.00 ,4.00 ,2.00 ,0.18,0.99,1
1506,正道,9.00 ,3.00 ,1.00 ,0.11,0.96,1
1512,瑞利,6.00 ,2.00 ,0.00 ,0,0.98,1
1513,中興電,9.00 ,3.00 ,1.00 ,0.11,0.91,0.94
1514,亞力,12.00 ,3.00 ,2.00 ,0.17,0.95,0.17
1515,力山,9.00 ,4.00 ,1.00 ,0.11,0.93,0.44
1516,川飛,6.00 ,2.00 ,2.00 ,0.29,1,0
1517,利奇,7.00 ,3.00 ,4.00 ,0.57,1,1
1519,華城,9.00 ,3.00 ,0.00 ,0,1,1
1521,大億,9.00 ,3.00 ,1.00 ,0.11,0.73,0.22
1522,堤維西,9.00 ,3.00 ,0.00 ,0,0.95,1
1524,耿鼎,9.00 ,4.00 ,1.00 ,0.11,0.85,0.22
1525,江申,10.00 ,3.00 ,1.00 ,0.1,0.98,1
1526,日馳,9.00 ,4.00 ,3.00 ,0.33,1,1
1527,鑽全,11.00 ,3.00 ,1.00 ,0.09,0.93,0.27
1528,恩德,7.00 ,3.00 ,1.00 ,0.14,1,1
1529,樂事綠能,11.00 ,3.00 ,1.00 ,0.09,0.82,0.45
1530,亞崴,7.00 ,3.00 ,0.00 ,0,0.91,1
1531,高林股,7.00 ,3.00 ,2.00 ,0.29,0.71,1
1532,勤美,9.00 ,3.00 ,2.00 ,0.22,0.96,1
1533,車王電,11.00 ,3.00 ,1.00 ,0.09,1,1
1535,中宇,11.00 ,3.00 ,2.00 ,0.18,1,1
1536,和大,13.00 ,3.00 ,3.00 ,0.23,0.83,1
1537,廣隆,9.00 ,3.00 ,0.00 ,0,1,1
1538,正峰,7.00 ,3.00 ,0.00 ,0,1,0.14
1539,巨庭,7.00 ,3.00 ,1.00 ,0.14,1,1
1540,喬福,7.00 ,3.00 ,1.00 ,0.14,1,0
1541,錩泰,7.00 ,4.00 ,3.00 ,0.43,1,0.14
1558,伸興,9.00 ,2.00 ,0.00 ,0,0.99,1
1560,中砂,9.00 ,3.00 ,0.00 ,0,0.96,1
1568,倉佑,9.00 ,3.00 ,1.00 ,0.11,1,1
1582,信錦,7.00 ,4.00 ,1.00 ,0.14,1,1
1583,程泰,9.00 ,3.00 ,1.00 ,0.11,0.93,1
1587,吉茂,8.00 ,4.00 ,1.00 ,0.13,0.98,1
1589,永冠-KY,11.00 ,4.00 ,1.00 ,0.09,1,1
1590,亞德客-KY,10.00 ,4.00 ,2.00 ,0.2,1,0.45
1597,直得,8.00 ,3.00 ,3.00 ,0.38,0.97,1
1598,岱宇,7.00 ,3.00 ,1.00 ,0.14,1,1
1603,華電,5.00 ,3.00 ,1.00 ,0.2,1,1
1604,聲寶,7.00 ,3.00 ,0.00 ,0,0.95,1
1605,華新,11.00 ,4.00 ,2.00 ,0.18,0.93,1
1608,華榮,7.00 ,3.00 ,1.00 ,0.14,0.86,0.86
1609,大亞,9.00 ,4.00 ,2.00 ,0.22,1,1
1611,中電,11.00 ,3.00 ,0.00 ,0,0.95,0.91
1612,宏泰,7.00 ,3.00 ,1.00 ,0.14,0.98,0.86
1614,三洋電,13.00 ,3.00 ,3.00 ,0.23,0.97,0.08
1615,大山,7.00 ,4.00 ,3.00 ,0.43,0.8,0.57
1616,億泰,6.00 ,2.00 ,1.00 ,0.17,1,0
1617,榮星,7.00 ,3.00 ,1.00 ,0.14,0.92,0.42
1618,合機,9.00 ,3.00 ,2.00 ,0.22,1,1
1626,艾美特-KY,9.00 ,3.00 ,0.00 ,0,0.89,1
1701,中化,5.00 ,3.00 ,2.00 ,0.4,0.91,1
1702,南僑,9.00 ,3.00 ,2.00 ,0.22,0.73,1
1707,葡萄王,12.00 ,4.00 ,5.00 ,0.42,0.99,1
1708,東鹼,10.00 ,3.00 ,0.00 ,0,0.97,1
1709,和益,19.00 ,4.00 ,2.00 ,0.11,0.88,0
1710,東聯,11.00 ,3.00 ,1.00 ,0.09,0.95,1
1711,永光,11.00 ,3.00 ,1.00 ,0.09,0.96,1
1712,興農,9.00 ,3.00 ,1.00 ,0.11,1,1
1713,國化,2.00 ,3.00 ,2.00 ,0.4,1,1
1714,和桐,9.00 ,3.00 ,1.00 ,0.11,0.98,1
1717,長興,12.00 ,4.00 ,1.00 ,0.08,0.99,1
1718,中纖,9.00 ,3.00 ,0.00 ,0,0.81,0.44
1720,生達,7.00 ,3.00 ,2.00 ,0.29,0.94,1
1721,三晃,7.00 ,3.00 ,2.00 ,0.29,0.9,1
1722,台肥,9.00 ,3.00 ,1.00 ,0.11,1,1
1723,中碳,9.00 ,3.00 ,1.00 ,0.11,0.9,1
1725,元禎,7.00 ,3.00 ,1.00 ,0.14,0.93,0.14
1726,永記,7.00 ,3.00 ,1.00 ,0.14,0.89,0
1727,中華化,10.00 ,4.00 ,1.00 ,0.1,0.98,1
1730,花仙子,6.00 ,3.00 ,4.00 ,0.67,1,1
1731,美吾華,13.00 ,3.00 ,4.00 ,0.31,0.94,0.46
1732,毛寶,7.00 ,3.00 ,4.00 ,0.57,1,1
1733,五鼎,6.00 ,4.00 ,1.00 ,0.17,0.98,1
1734,杏輝,11.00 ,3.00 ,1.00 ,0.09,0.88,1
1735,日勝化,9.00 ,3.00 ,0.00 ,0,0.98,0.22
1736,喬山,11.00 ,3.00 ,3.00 ,0.27,0.99,1
1737,臺鹽,9.00 ,3.00 ,2.00 ,0.22,0.98,1
1752,南光,7.00 ,3.00 ,1.00 ,0.14,1,1
1760,寶齡富錦,9.00 ,3.00 ,1.00 ,0.11,0.99,1
1762,中化生,7.00 ,3.00 ,2.00 ,0.29,0.98,1
1773,勝一,9.00 ,3.00 ,2.00 ,0.22,0.85,1
1776,展宇,9.00 ,3.00 ,1.00 ,0.11,1,1
1783,和康生,9.00 ,3.00 ,3.00 ,0.33,0.88,1
1786,科妍,9.00 ,3.00 ,1.00 ,0.11,0.96,0.89
1789,神隆,15.00 ,3.00 ,3.00 ,0.2,0.97,1
1795,美時,11.00 ,3.00 ,3.00 ,0.27,0.87,1
1802,台玻,15.00 ,3.00 ,1.00 ,0.07,0.97,0.4
1805,寶徠,9.00 ,3.00 ,1.00 ,0.11,0.96,1
1806,冠軍,7.00 ,3.00 ,1.00 ,0.14,1,0.57
1808,潤隆,7.00 ,3.00 ,1.00 ,0.14,0.89,0.43
1809,中釉,9.00 ,3.00 ,1.00 ,0.11,1,1
1810,和成,7.00 ,3.00 ,0.00 ,0,0.74,1
1817,凱撒衛,8.00 ,4.00 ,1.00 ,0.13,1,1
1903,士紙,6.00 ,3.00 ,2.00 ,0.33,0.98,0.5
1904,正隆,9.00 ,3.00 ,1.00 ,0.11,0.98,1
1905,華紙,7.00 ,3.00 ,2.00 ,0.29,1,1
1906,寶隆,6.00 ,3.00 ,1.00 ,0.17,0.94,1
1907,永豐餘,9.00 ,4.00 ,2.00 ,0.22,0.98,1
1909,榮成,9.00 ,3.00 ,0.00 ,0,0.96,1
2002,中鋼,11.00 ,3.00 ,1.00 ,0.09,0.97,1
2006,東和鋼鐵,11.00 ,3.00 ,0.00 ,0,1,1
2007,燁興,7.00 ,3.00 ,0.00 ,0,1,1
2008,高興昌,9.00 ,3.00 ,1.00 ,0.11,0.94,0.67
2009,第一銅,7.00 ,3.00 ,1.00 ,0.14,0.83,1
2010,春源,11.00 ,3.00 ,1.00 ,0.09,0.97,0.27
2012,春雨,11.00 ,3.00 ,2.00 ,0.18,1,1
2013,中鋼構,11.00 ,3.00 ,1.00 ,0.09,0.93,1
2014,中鴻,7.00 ,3.00 ,1.00 ,0.14,1,1
2015,豐興,13.00 ,3.00 ,0.00 ,0,0.95,1
2017,官田鋼,12.00 ,3.00 ,2.00 ,0.17,0.89,1
2020,美亞,8.00 ,2.00 ,1.00 ,0.13,0.99,1
2022,聚亨,5.00 ,3.00 ,1.00 ,0.2,0.91,1
2023,燁輝,7.00 ,3.00 ,0.00 ,0,1,1
2024,志聯,7.00 ,3.00 ,3.00 ,0.43,1,0.71
2025,千興,6.00 ,2.00 ,3.00 ,0.5,1,0
2027,大成鋼,11.00 ,3.00 ,3.00 ,0.27,0.84,0.91
2028,威致,7.00 ,3.00 ,2.00 ,0.29,0.86,0.71
2029,盛餘,10.00 ,3.00 ,0.00 ,0,0.96,0.3
2030,彰源,9.00 ,4.00 ,1.00 ,0.11,0.97,1
2031,新光鋼,9.00 ,3.00 ,0.00 ,0,1,1
2032,新鋼,9.00 ,3.00 ,1.00 ,0.11,0.94,0.33
2033,佳大,7.00 ,3.00 ,2.00 ,0.29,0.83,0.14
2034,允強,9.00 ,4.00 ,1.00 ,0.11,1,1
2038,海光,9.00 ,3.00 ,0.00 ,0,0.97,1
2049,上銀,10.00 ,3.00 ,3.00 ,0.3,1,1
2059,川湖,7.00 ,4.00 ,2.00 ,0.29,0.94,1
2062,橋椿,7.00 ,4.00 ,2.00 ,0.29,1,1
2069,運錩,7.00 ,3.00 ,1.00 ,0.14,0.98,1
2101,南港,9.00 ,3.00 ,5.00 ,0.56,0.98,0.78
2102,泰豐,9.00 ,3.00 ,2.00 ,0.22,0.9,0.33
2103,台橡,7.00 ,3.00 ,1.00 ,0.14,1,1
2104,國際中橡,7.00 ,3.00 ,0.00 ,0,0.96,1
2105,正新,11.00 ,3.00 ,2.00 ,0.18,0.99,1
2106,建大,11.00 ,3.00 ,1.00 ,0.09,1,1
2107,厚生,9.00 ,3.00 ,1.00 ,0.11,0.98,1
2108,南帝,20.00 ,4.00 ,4.00 ,0,0.94,1
2109,華豐,11.00 ,3.00 ,1.00 ,0.09,0.92,0.18
2114,鑫永銓,9.00 ,3.00 ,0.00 ,0,0.96,1
2115,六暉-KY,9.00 ,3.00 ,3.00 ,0.33,1,1
2201,裕隆,9.00 ,3.00 ,1.00 ,0.11,0.94,1
2204,中華,9.00 ,3.00 ,2.00 ,0.22,0.95,1
2206,三陽工業,9.00 ,3.00 ,1.00 ,0.11,0.98,1
2207,和泰車,14.00 ,3.00 ,2.00 ,0.14,0.98,1
2208,台船,15.00 ,3.00 ,1.00 ,0.07,0.83,0.6
2211,長榮鋼,7.00 ,3.00 ,3.00 ,0.43,0.98,1
2227,裕日車,11.00 ,3.00 ,1.00 ,0.09,1,1
2228,劍麟,7.00 ,3.00 ,2.00 ,0.29,0.97,1
2231,為升,7.00 ,3.00 ,2.00 ,0.29,0.99,1
2233,宇隆,9.00 ,3.00 ,0.00 ,0,0.95,1
2236,百達-KY,7.00 ,3.00 ,1.00 ,0.14,1,0.86
2239,英利-KY,7.00 ,3.00 ,0.00 ,0,0.8,1
2241,艾姆勒,6.00 ,2.00 ,1.00 ,0.17,0.95,1
2243,宏旭-KY,7.00 ,3.00 ,1.00 ,0.14,0.98,1
2247,汎德永業,7.00 ,3.00 ,2.00 ,0.29,0.96,1
2250,IKKA-KY,9.00 ,3.00 ,0.00 ,0,0.98,1
2301,光寶科,8.00 ,4.00 ,0.00 ,0,0.94,1
2302,麗正,8.00 ,3.00 ,3.00 ,0.38,0.88,0.9
2303,聯電,9.00 ,5.00 ,2.00 ,0.22,1,1
2305,全友,9.00 ,3.00 ,1.00 ,0.11,0.94,0.33
2308,台達電,12.00 ,5.00 ,3.00 ,0.25,1,1
2312,金寶,11.00 ,2.00 ,2.00 ,0.18,1,1
2313,華通,9.00 ,3.00 ,1.00 ,0.11,0.92,0.33
2314,台揚,7.00 ,3.00 ,1.00 ,0.14,0.98,1
2316,楠梓電,9.00 ,3.00 ,2.00 ,0.22,0.98,1
2317,鴻海,9.00 ,5.00 ,2.00 ,0.22,0.88,0.78
2321,東訊,9.00 ,3.00 ,2.00 ,0.22,0.94,1
2323,中環,8.00 ,3.00 ,3.00 ,0.38,0.93,0.38
2324,仁寶,15.00 ,3.00 ,0.00 ,0,0.93,0.6
2327,國巨,9.00 ,3.00 ,0.00 ,0,0.83,1
2328,廣宇,7.00 ,3.00 ,0.00 ,0,1,0.71
2329,華泰,6.00 ,3.00 ,0.00 ,0,0.86,1
2330,台積電,10.00 ,6.00 ,1.00 ,0.1,1,0.3
2331,精英,9.00 ,3.00 ,0.00 ,0,1,1
2332,友訊,8.00 ,3.00 ,0.00 ,0,0.92,0.88
2337,旺宏,15.00 ,4.00 ,2.00 ,0.13,0.96,1
2338,光罩,7.00 ,3.00 ,2.00 ,0.29,0.96,1
2340,台亞,7.00 ,3.00 ,0.00 ,0,1,1
2342,茂矽,8.00 ,3.00 ,1.00 ,0.13,1,1
2344,華邦電,11.00 ,4.00 ,2.00 ,0.18,0.99,1
2345,智邦,8.00 ,5.00 ,1.00 ,0.13,0.85,1
2347,聯強,9.00 ,3.00 ,1.00 ,0.11,0.97,1
2348,海悅,13.00 ,3.00 ,3.00 ,0.23,0.86,0.15
2349,錸德,7.00 ,3.00 ,3.00 ,0.43,0.94,1
2351,順德,9.00 ,4.00 ,0.00 ,0,0.96,1
2352,佳世達,7.00 ,3.00 ,0.00 ,0,1,1
2353,宏,6.00 ,3.00 ,1.00 ,0.17,0.95,1
2354,鴻準,5.00 ,3.00 ,0.00 ,0,0.97,0.8
2355,敬鵬,9.00 ,3.00 ,2.00 ,0.22,0.9,1
2356,英業達,9.00 ,3.00 ,0.00 ,0,1,1
2357,華碩,15.00 ,5.00 ,2.00 ,0.13,0.96,1
2358,廷鑫,9.00 ,3.00 ,3.00 ,0.33,0.89,1
2359,所羅門,9.00 ,4.00 ,1.00 ,0.11,1,1
2360,致茂,7.00 ,3.00 ,0.00 ,0,0.98,1
2362,藍天,7.00 ,3.00 ,1.00 ,0.14,0.97,1
2363,矽統,9.00 ,3.00 ,3.00 ,0.33,0.94,1
2364,倫飛,11.00 ,3.00 ,2.00 ,0.18,0.84,0
2365,昆盈,7.00 ,3.00 ,1.00 ,0.14,0.9,1
2367,燿華,7.00 ,3.00 ,1.00 ,0.14,1,1
2368,金像電,9.00 ,3.00 ,3.00 ,0.33,0.99,1
2369,菱生,9.00 ,3.00 ,0.00 ,0,1,1
2371,大同,8.00 ,3.00 ,1.00 ,0.13,0.98,1
2373,震旦行,7.00 ,3.00 ,2.00 ,0.29,0.98,1
2374,佳能,9.00 ,3.00 ,0.00 ,0,0.96,0.89
2375,凱美,7.00 ,3.00 ,0.00 ,0,0.9,1
2376,技嘉,9.00 ,3.00 ,0.00 ,0,0.99,1
2377,微星,11.00 ,3.00 ,1.00 ,0.09,1,1
2379,瑞昱,10.00 ,3.00 ,1.00 ,0.1,1,0.3
2380,虹光,7.00 ,4.00 ,0.00 ,0,0.93,1
2382,廣達,7.00 ,3.00 ,1.00 ,0.14,1,0.57
2383,台光電,7.00 ,3.00 ,1.00 ,0.14,1,1
2385,群光,8.00 ,3.00 ,1.00 ,0.13,0.96,1
2387,精元,7.00 ,3.00 ,3.00 ,0.43,1,0.29
2388,威盛,7.00 ,3.00 ,1.00 ,0.14,1,1
2390,云辰,7.00 ,3.00 ,2.00 ,0.29,1,1
2392,正崴,9.00 ,3.00 ,1.00 ,0.11,1,1
2393,億光,9.00 ,4.00 ,0.00 ,0,0.99,1
2395,研華,7.00 ,3.00 ,1.00 ,0.14,1,1
2397,友通,7.00 ,3.00 ,0.00 ,0,0.96,1
2399,映泰,7.00 ,3.00 ,1.00 ,0.14,0.97,1
2401,凌陽,7.00 ,4.00 ,0.00 ,0,0.98,1
2402,毅嘉,7.00 ,3.00 ,1.00 ,0.14,1,1
2404,漢唐,8.00 ,2.00 ,2.00 ,0.25,0.98,0.75
2405,輔信,7.00 ,3.00 ,4.00 ,0.57,0.98,1
2406,國碩,9.00 ,4.00 ,3.00 ,0.33,0.96,1
2408,南亞科,12.00 ,4.00 ,2.00 ,0.17,0.93,1
2409,友達,9.00 ,5.00 ,4.00 ,0.44,1,1
2412,中華電,13.00 ,5.00 ,3.00 ,0.23,0.98,1
2413,環科,11.00 ,4.00 ,1.00 ,0.09,0.88,1
2414,精技,9.00 ,3.00 ,1.00 ,0.11,0.98,1
2415,錩新,7.00 ,3.00 ,1.00 ,0.14,1,1
2417,圓剛,7.00 ,3.00 ,0.00 ,0,0.95,1
2419,仲琦,10.00 ,3.00 ,2.00 ,0.2,1,1
2420,新巨,7.00 ,3.00 ,1.00 ,0.14,0.98,1
2421,建準,9.00 ,4.00 ,3.00 ,0.33,0.98,0
2423,固緯,9.00 ,3.00 ,1.00 ,0.11,0.91,1
2424,隴華,9.00 ,4.00 ,1.00 ,0.11,0.97,0.56
2425,承啟,7.00 ,4.00 ,1.00 ,0.14,0.97,0.71
2426,鼎元,7.00 ,3.00 ,1.00 ,0.14,1,1
2427,三商電,9.00 ,4.00 ,0.00 ,0,0.92,1
2428,興勤,7.00 ,3.00 ,1.00 ,0.14,1,1
2429,銘旺科,7.00 ,3.00 ,0.00 ,0,0.97,0
2430,燦坤,7.00 ,3.00 ,1.00 ,0.14,0.98,1
2431,聯昌,10.00 ,3.00 ,2.00 ,0.2,0.94,1
2432,倚天酷-創,7.00 ,4.00 ,2.00 ,0.29,1,1
2433,互盛電,7.00 ,3.00 ,1.00 ,0.14,0.91,1
2434,統懋,6.00 ,2.00 ,4.00 ,0.67,0.83,1
2436,偉詮電,10.00 ,3.00 ,1.00 ,0.1,1,1
2438,翔耀,7.00 ,3.00 ,1.00 ,0.14,1,0
2439,美律,9.00 ,3.00 ,0.00 ,0,1,1
2440,太空梭,7.00 ,3.00 ,1.00 ,0.14,1,0.29
2441,超豐,9.00 ,3.00 ,0.00 ,0,0.89,0.44
2442,新美齊,7.00 ,3.00 ,0.00 ,0,1,1
2443,昶虹,8.00 ,3.00 ,1.00 ,0.13,0.95,0.75
2444,兆勁,6.00 ,3.00 ,2.00 ,0,0.97,0.61
2449,京元電子,9.00 ,3.00 ,0.00 ,0,1,0.56
2450,神腦,13.00 ,5.00 ,2.00 ,0.15,0.98,0.77
2451,創見,9.00 ,3.00 ,2.00 ,0.22,0.92,1
2453,凌群,7.00 ,3.00 ,2.00 ,0.29,0.94,0.57
2454,聯發科,8.00 ,3.00 ,0.00 ,0,1,1
2455,全新,11.00 ,3.00 ,1.00 ,0.09,1,0.82
2457,飛宏,12.00 ,3.00 ,0.00 ,0,0.91,1
2458,義隆,9.00 ,4.00 ,0.00 ,0,0.97,1
2459,敦吉,9.00 ,4.00 ,0.00 ,0,0.98,0.44
2460,建通,7.00 ,3.00 ,0.00 ,0,1,1
2461,光群雷,7.00 ,3.00 ,3.00 ,0.43,0.97,1
2462,良得電,9.00 ,3.00 ,1.00 ,0.11,1,0.89
2464,盟立,9.00 ,3.00 ,1.00 ,0.11,0.9,0.67
2465,麗臺,7.00 ,4.00 ,0.00 ,0,0.96,0.43
2466,冠西電,9.00 ,3.00 ,2.00 ,0.22,0.98,1
2467,志聖,9.00 ,4.00 ,0.00 ,0,0.98,0.33
2468,華經,7.00 ,3.00 ,5.00 ,0.71,1,1
2471,資通,8.00 ,3.00 ,2.00 ,0.25,0.95,1
2472,立隆電,9.00 ,4.00 ,0.00 ,0,1,1
2474,可成,7.00 ,3.00 ,0.00 ,0,0.98,0.43
2476,鉅祥,7.00 ,3.00 ,2.00 ,0.29,1,1
2477,美隆電,10.00 ,3.00 ,1.00 ,0.1,0.97,0.4
2478,大毅,9.00 ,3.00 ,2.00 ,0.22,1,1
2480,敦陽科,11.00 ,4.00 ,0.00 ,0,0.98,1
2481,強茂,7.00 ,3.00 ,0.00 ,0,0.94,1
2482,連宇,7.00 ,3.00 ,0.00 ,0,0.93,0.29
2483,百容,9.00 ,4.00 ,3.00 ,0.33,0.98,1
2484,希華,10.00 ,3.00 ,0.00 ,0,0.91,1
2485,兆赫,13.00 ,3.00 ,0.00 ,0,0.59,0.15
2486,一詮,7.00 ,3.00 ,0.00 ,0,0.93,0.71
2488,漢平,13.00 ,3.00 ,0.00 ,0,1,1
2489,瑞軒,10.00 ,3.00 ,2.00 ,0.2,0.96,1
2491,吉祥全,7.00 ,3.00 ,2.00 ,0.29,0.94,1
2492,華新科,7.00 ,3.00 ,1.00 ,0.14,0.89,1
2493,揚博,7.00 ,3.00 ,1.00 ,0.14,1,0.29
2495,普安,7.00 ,4.00 ,0.00 ,0,1,1
2496,卓越,9.00 ,3.00 ,5.00 ,0.56,0.98,1
2497,怡利電,9.00 ,3.00 ,1.00 ,0.11,0.98,1
2498,宏達電,7.00 ,3.00 ,1.00 ,0,0.97,0.71
2501,國建,9.00 ,3.00 ,1.00 ,0.11,0.98,1
2504,國產,12.00 ,4.00 ,1.00 ,0.08,0.92,1
2505,國揚,9.00 ,3.00 ,1.00 ,0.11,1,1
2506,太設,9.00 ,3.00 ,1.00 ,0.11,0.98,1
2509,全坤建,6.00 ,3.00 ,0.00 ,0,1,0.58
2511,太子,15.00 ,3.00 ,2.00 ,0.13,0.97,1
2514,龍邦,7.00 ,3.00 ,2.00 ,0.29,0.99,1
2516,新建,9.00 ,3.00 ,2.00 ,0.22,0.86,0.89
2520,冠德,9.00 ,3.00 ,1.00 ,0.11,0.9,1
2524,京城,7.00 ,3.00 ,1.00 ,0.14,0.91,0
2527,宏璟,11.00 ,3.00 ,4.00 ,0.36,0.96,0.45
2528,皇普,6.00 ,3.00 ,2.00 ,0.33,0.97,1
2530,華建,7.00 ,3.00 ,0.00 ,0,0.98,1
2534,宏盛,7.00 ,3.00 ,2.00 ,0.29,0.98,1
2535,達欣工,7.00 ,3.00 ,0.00 ,0,0.93,1
2536,宏普,3.00 ,4.00 ,2.00 ,0.29,0.95,1
2537,聯上發,7.00 ,3.00 ,3.00 ,0.43,1,1
2538,基泰,11.00 ,3.00 ,1.00 ,0.09,0.84,0
2539,櫻花建,7.00 ,3.00 ,3.00 ,0.43,1,1
2540,愛山林,7.00 ,3.00 ,2.00 ,0,0.94,0.3
2542,興富發,7.00 ,3.00 ,1.00 ,0.14,0.99,0.43
2543,皇昌,7.00 ,3.00 ,2.00 ,0.29,0.96,1
2545,皇翔,11.00 ,3.00 ,4.00 ,0.36,0.94,0.18
2546,根基,9.00 ,3.00 ,1.00 ,0.11,0.91,1
2547,日勝生,9.00 ,4.00 ,0.00 ,0,0.97,1
2548,華固,9.00 ,3.00 ,2.00 ,0.22,0.98,1
2597,潤弘,9.00 ,3.00 ,1.00 ,0.11,0.85,1
2601,益航,7.00 ,3.00 ,0.00 ,0,0.87,1
2603,長榮,9.00 ,3.00 ,1.00 ,0.11,1,1
2605,新興,7.00 ,4.00 ,0.00 ,0,0.95,0.14
2606,裕民,11.00 ,3.00 ,1.00 ,0.09,0.98,1
2607,榮運,8.00 ,3.00 ,1.00 ,0.13,1,1
2608,嘉里大榮,10.00 ,4.00 ,2.00 ,0.2,0.94,0.4
2609,陽明,9.00 ,1.00 ,0.00 ,0,0.94,1
2610,華航,13.00 ,3.00 ,3.00 ,0.23,0.97,1
2611,志信,7.00 ,3.00 ,0.00 ,0,0.98,1
2612,中航,9.00 ,3.00 ,0.00 ,0,0.96,0.78
2613,中櫃,11.00 ,3.00 ,1.00 ,0.09,0.98,1
2614,東森,7.00 ,3.00 ,0.00 ,0,0.97,1
2615,萬海,7.00 ,3.00 ,2.00 ,0.29,0.88,0.57
2616,山隆,9.00 ,3.00 ,2.00 ,0.22,0.95,0.33
2617,台航,8.00 ,3.00 ,0.00 ,0,0.98,1
2618,長榮航,9.00 ,3.00 ,0.00 ,0,0.98,1
2630,亞航,11.00 ,4.00 ,0.00 ,0,0.97,1
2633,台灣高鐵,13.00 ,4.00 ,2.00 ,0.15,0.97,1
2634,漢翔,11.00 ,3.00 ,1.00 ,0.09,0.91,1
2636,台驊投控,9.00 ,3.00 ,0.00 ,0,0.97,1
2637,慧洋-KY,9.00 ,5.00 ,2.00 ,0.22,0.95,1
2642,宅配通,11.00 ,3.00 ,2.00 ,0.18,0.99,1
2645,長榮航太,9.00 ,3.00 ,2.00 ,0.22,1,1
2701,萬企,5.00 ,3.00 ,1.00 ,0.2,0.95,1
2702,華園,7.00 ,3.00 ,2.00 ,0.29,0.91,0.57
2704,國賓,15.00 ,3.00 ,5.00 ,0.33,0.73,0.53
2705,六福,7.00 ,4.00 ,3.00 ,0.43,1,1
2706,第一店,5.00 ,3.00 ,2.00 ,0.4,1,1
2707,晶華,9.00 ,3.00 ,3.00 ,0.33,0.97,0.56
2712,遠雄來,7.00 ,3.00 ,1.00 ,0.14,0.95,1
2722,夏都,12.00 ,3.00 ,5.00 ,0.42,0.9,1
2723,美食-KY,8.00 ,4.00 ,1.00 ,0.13,0.98,0.5
2727,王品,6.00 ,3.00 ,1.00 ,0.17,0.9,1
2731,雄獅,6.00 ,3.00 ,0.00 ,0,0.98,1
2739,寒舍,9.00 ,3.00 ,4.00 ,0.44,0.83,1
2748,雲品,9.00 ,3.00 ,5.00 ,0.56,0.98,1
2753,八方雲集,8.00 ,4.00 ,2.00 ,0.25,0.96,1
2801,彰銀,9.00 ,3.00 ,2.00 ,0.22,0.98,1
2809,京城銀,7.00 ,3.00 ,0.00 ,0,0.95,1
2812,台中銀,12.00 ,4.00 ,2.00 ,0.17,1,1
2816,旺旺保,9.00 ,3.00 ,1.00 ,0.11,0.96,1
2820,華票,11.00 ,3.00 ,2.00 ,0.18,1,1
2832,台產,11.00 ,3.00 ,4.00 ,0.36,0.95,1
2834,臺企銀,15.00 ,5.00 ,2.00 ,0.13,1,1
2836,高雄銀,13.00 ,3.00 ,0.00 ,0,0.94,1
2838,聯邦銀,9.00 ,3.00 ,2.00 ,0.22,0.98,1
2845,遠東銀,10.00 ,2.00 ,3.00 ,0.3,0.94,1
2849,安泰銀,11.00 ,3.00 ,3.00 ,0.27,1,1
2850,新產,11.00 ,3.00 ,1.00 ,0.09,0.91,1
2851,中再保,9.00 ,3.00 ,2.00 ,0.22,0.97,1
2852,第一保,13.00 ,3.00 ,1.00 ,0.08,0.99,1
2855,統一證,19.00 ,4.00 ,8.00 ,0.42,0.95,1
2867,三商壽,10.00 ,3.00 ,1.00 ,0.1,0.97,1
2880,華南金,19.00 ,4.00 ,6.00 ,0.32,0.95,1
2881,富邦金,14.00 ,5.00 ,0.00 ,0,0.95,1
2882,國泰金,13.00 ,5.00 ,2.00 ,0.15,0.92,1
2883,開發金,8.00 ,3.00 ,0.00 ,0,0.98,1
2884,玉山金,12.00 ,5.00 ,2.00 ,0.17,1,1
2885,元大金,9.00 ,4.00 ,1.00 ,0.11,0.99,1
2886,兆豐金,15.00 ,5.00 ,6.00 ,0.4,1,1
2887,台新金,7.00 ,3.00 ,1.00 ,0.14,1,1
2888,新光金,15.00 ,3.00 ,1.00 ,0.07,0.98,1
2889,國票金,13.00 ,4.00 ,2.00 ,0.15,0.98,1
2890,永豐金,7.00 ,3.00 ,1.00 ,0.14,1,1
2891,中信金,7.00 ,4.00 ,1.00 ,0.14,1,1
2892,第一金,14.00 ,5.00 ,8.00 ,0.57,0.99,1
2897,王道銀行,14.00 ,3.00 ,2.00 ,0.14,1,1
2901,欣欣,9.00 ,3.00 ,3.00 ,0.33,1,0.33
2903,遠百,7.00 ,3.00 ,3.00 ,0.43,0.89,1
2904,匯僑,7.00 ,3.00 ,0.00 ,0,0.98,1
2905,三商,9.00 ,3.00 ,0.00 ,0,0.9,1
2906,高林,12.00 ,4.00 ,0.00 ,0,1,1
2908,特力,7.00 ,4.00 ,2.00 ,0.29,0.98,1
2910,統領,10.00 ,3.00 ,2.00 ,0.2,0.97,0
2911,麗嬰房,7.00 ,3.00 ,2.00 ,0.29,0.94,0.71
2912,統一超,13.00 ,3.00 ,2.00 ,0.15,0.99,1
2913,農林,11.00 ,4.00 ,1.00 ,0.09,0.92,0.33
2915,潤泰全,9.00 ,3.00 ,0.00 ,0,0.88,1
2923,鼎固-KY,11.00 ,3.00 ,3.00 ,0.27,0.95,1
2929,淘帝-KY,5.00 ,3.00 ,0.00 ,0,1,0.4
2939,凱羿-KY,8.00 ,4.00 ,3.00 ,0.75,0.9,0.75
2945,三商家購,9.00 ,3.00 ,0.00 ,0,0.9,0.78
3002,歐格,11.00 ,4.00 ,2.00 ,0.18,1,0.55
3003,健和興,7.00 ,3.00 ,0.00 ,0,0.97,0.86
3004,豐達科,9.00 ,3.00 ,0.00 ,0,0.98,1
3005,神基,10.00 ,4.00 ,1.00 ,0.1,0.97,1
3006,晶豪科,9.00 ,4.00 ,0.00 ,0,0.99,1
3008,大立光,9.00 ,3.00 ,0.00 ,0,0.98,0.33
3010,華立,8.00 ,2.00 ,1.00 ,0.13,0.98,0.63
3011,今皓,7.00 ,3.00 ,1.00 ,0.14,1,1
3013,晟銘電,7.00 ,3.00 ,2.00 ,0.29,0.84,0.57
3014,聯陽,7.00 ,3.00 ,2.00 ,0.29,1,1
3015,全漢,10.00 ,3.00 ,1.00 ,0.1,1,1
3016,嘉晶,9.00 ,3.00 ,1.00 ,0.11,0.95,0.89
3017,奇鋐,13.00 ,4.00 ,1.00 ,0.08,0.99,0.69
3018,隆銘綠能,8.00 ,2.00 ,3.00 ,0.38,0.93,0.38
3019,亞光,7.00 ,3.00 ,1.00 ,0.14,0.96,0.71
3021,鴻名,9.00 ,3.00 ,3.00 ,0.33,0.94,1
3022,威強電,6.00 ,3.00 ,1.00 ,0.17,0.96,1
3023,信邦,11.00 ,3.00 ,1.00 ,0.09,1,1
3024,憶聲,11.00 ,3.00 ,4.00 ,0.36,0.93,0.55
3025,星通,8.00 ,4.00 ,2.00 ,0.25,1,0
3026,禾伸堂,9.00 ,3.00 ,0.00 ,0,1,0.33
3027,盛達,8.00 ,4.00 ,0.00 ,0,0.97,1
3028,增你強,10.00 ,3.00 ,0.00 ,0,0.98,1
3029,零壹,8.00 ,3.00 ,0.00 ,0,0.96,1
3030,德律,9.00 ,3.00 ,1.00 ,0.11,0.96,1
3031,佰鴻,9.00 ,4.00 ,3.00 ,0.33,1,0.89
3032,偉訓,9.00 ,3.00 ,2.00 ,0.22,1,0.55
3033,威健,7.00 ,3.00 ,1.00 ,0.14,1,1
3034,聯詠,8.00 ,3.00 ,1.00 ,0.13,1,1
3035,智原,9.00 ,3.00 ,2.00 ,0.22,1,1
3036,文曄,7.00 ,3.00 ,3.00 ,0.43,0.99,1
3037,欣興,9.00 ,3.00 ,1.00 ,0.11,0.96,1
3038,全台,9.00 ,3.00 ,3.00 ,0.33,0.95,0.44
3040,遠見,7.00 ,3.00 ,2.00 ,0.29,1,1
3041,揚智,5.00 ,3.00 ,1.00 ,0.2,1,0.6
3042,晶技,11.00 ,4.00 ,2.00 ,0.18,0.97,1
3043,科風,6.00 ,3.00 ,2.00 ,0.33,0.78,0.83
3044,健鼎,9.00 ,3.00 ,1.00 ,0.11,1,1
3045,台灣大,9.00 ,5.00 ,1.00 ,0.11,1,1
3046,建,7.00 ,3.00 ,1.00 ,0.14,1,1
3047,訊舟,11.00 ,4.00 ,0.00 ,0,0.98,1
3049,精金,7.00 ,3.00 ,1.00 ,0.14,0.89,1
3050,鈺德,7.00 ,3.00 ,2.00 ,0.29,0.94,1
3051,力特,12.00 ,4.00 ,2.00 ,0.16,0.81,0
3052,夆典,7.00 ,3.00 ,2.00 ,0.29,0.96,0.57
3054,立萬利,9.00 ,3.00 ,2.00 ,0.22,0.95,1
3055,蔚華科,7.00 ,3.00 ,4.00 ,0.57,0.98,1
3056,富華新,8.00 ,3.00 ,3.00 ,0.38,0.97,1
3057,喬鼎,6.00 ,4.00 ,0.00 ,0,0.85,0.5
3058,立德,8.00 ,2.00 ,1.00 ,0.13,0.95,1
3059,華晶科,7.00 ,3.00 ,3.00 ,0.43,1,0.57
3060,銘異,7.00 ,3.00 ,1.00 ,0.14,0.86,0.57
3062,建漢,6.00 ,4.00 ,2.00 ,0.33,0.96,1
3090,日電貿,10.00 ,3.00 ,2.00 ,0.2,1,1
3092,鴻碩,7.00 ,3.00 ,0.00 ,0,0.99,1
3094,聯傑,7.00 ,3.00 ,1.00 ,0.14,1,1
3130,一零四,7.00 ,3.00 ,1.00 ,0.14,1,1
3138,耀登,9.00 ,4.00 ,1.00 ,0.11,0.98,1
3149,正達,6.00 ,3.00 ,0.00 ,0,0.89,0.5
3164,景岳,9.00 ,3.00 ,0.00 ,0,0.92,0.33
3167,大量,9.00 ,3.00 ,0.00 ,0,1,1
3189,景碩,9.00 ,3.00 ,1.00 ,0.11,0.98,1
3209,全科,7.00 ,3.00 ,0.00 ,0,1,1
3229,晟鈦,9.00 ,3.00 ,1.00 ,0.11,1,1
3231,緯創,9.00 ,5.00 ,1.00 ,0.11,0.94,1
3257,虹冠電,7.00 ,3.00 ,0.00 ,0,1,1
3266,昇陽,6.00 ,3.00 ,0.00 ,0,1,1
3296,勝德,8.00 ,3.00 ,3.00 ,0.38,0.95,1
3305,昇貿,9.00 ,4.00 ,1.00 ,0.11,0.94,1
3308,聯德,7.00 ,3.00 ,2.00 ,0.29,1,0.14
3311,閎暉,7.00 ,3.00 ,1.00 ,0.14,0.91,1
3312,弘憶股,7.00 ,3.00 ,1.00 ,0.14,1,1
3321,同泰,7.00 ,3.00 ,1.00 ,0.14,0.93,0.71
3338,泰碩,9.00 ,4.00 ,1.00 ,0.11,1,1
3346,麗清,9.00 ,3.00 ,2.00 ,0.22,0.83,0.67
3356,奇偶,7.00 ,3.00 ,2.00 ,0.29,1,0.71
3376,新日興,9.00 ,3.00 ,1.00 ,0.11,1,1
3380,明泰,7.00 ,3.00 ,2.00 ,0.29,1,1
3406,玉晶光,9.00 ,3.00 ,1.00 ,0.11,1,0.44
3413,京鼎,7.00 ,4.00 ,2.00 ,0.29,0.94,0.86
3416,融程電,9.00 ,3.00 ,1.00 ,0.11,1,1
3419,譁裕,10.00 ,3.00 ,1.00 ,0.1,1,1
3432,台端,7.00 ,3.00 ,2.00 ,0.29,1,1
3437,榮創,7.00 ,4.00 ,1.00 ,0.14,0.93,1
3443,創意,9.00 ,5.00 ,1.00 ,0.11,0.98,1
3447,展達,7.00 ,3.00 ,1.00 ,0.14,0.95,1
3450,聯鈞,7.00 ,3.00 ,1.00 ,0.14,1,1
3454,晶睿,9.00 ,3.00 ,1.00 ,0.11,1,1
3481,群創,9.00 ,5.00 ,1.00 ,0.11,0.98,1
3494,誠研,5.00 ,3.00 ,1.00 ,0.2,0.93,1
3501,維熹,7.00 ,3.00 ,2.00 ,0.29,1,0.57
3504,揚明光,7.00 ,3.00 ,2.00 ,0.29,0.96,1
3515,華擎,7.00 ,3.00 ,0.00 ,0,0.9,1
3518,柏騰,9.00 ,3.00 ,0.00 ,0,0.86,1
3528,安馳,7.00 ,3.00 ,0.00 ,0,1,1
3530,晶相光,5.00 ,3.00 ,1.00 ,0.2,1,1
3532,台勝科,10.00 ,3.00 ,1.00 ,0.1,0.97,1
3533,嘉澤,7.00 ,3.00 ,2.00 ,0.29,0.93,1
3535,晶彩科,9.00 ,4.00 ,0.00 ,0,0.87,1
3543,州巧,9.00 ,4.00 ,0.00 ,0,1,1
3545,敦泰,8.00 ,4.00 ,1.00 ,0.13,0.97,1
3550,聯穎,7.00 ,3.00 ,0.00 ,0,1,1
3557,嘉威,7.00 ,3.00 ,1.00 ,0.14,0.98,1
3563,牧德,9.00 ,3.00 ,0.00 ,0,1,1
3576,聯合再生,11.00 ,3.00 ,0.00 ,0,0.97,1
3583,辛耘,9.00 ,3.00 ,2.00 ,0.22,0,1
3588,通嘉,7.00 ,7.00 ,0.00 ,0,0.98,1
3591,艾笛森,9.00 ,4.00 ,2.00 ,0.22,0.98,1
3592,瑞鼎,7.00 ,3.00 ,0.00 ,0,0.97,1
3593,力銘,9.00 ,3.00 ,1.00 ,0.11,0.9,0.67
3596,智易,9.00 ,3.00 ,0.00 ,0,0.94,1
3605,宏致,7.00 ,3.00 ,1.00 ,0.14,1,1
3607,谷崧,9.00 ,3.00 ,0.00 ,0,0.97,1
3617,碩天,7.00 ,3.00 ,1.00 ,0.14,0.95,1
3622,洋華,9.00 ,3.00 ,2.00 ,0.22,0.89,0.89
3645,達邁,9.00 ,3.00 ,4.00 ,0.44,0.98,0.67
3652,精聯,9.00 ,3.00 ,1.00 ,0.11,0.98,1
3653,健策,11.00 ,3.00 ,1.00 ,0.09,0.97,0.36
3661,世芯-KY,7.00 ,3.00 ,0.00 ,0,1,1
3665,貿聯-KY,7.00 ,3.00 ,1.00 ,0.14,0.96,1
3669,圓展,7.00 ,3.00 ,0.00 ,0,1,1
3673,TPK-KY,9.00 ,3.00 ,0.00 ,0,0.98,1
3679,新至陞,9.00 ,3.00 ,2.00 ,0.22,1,1
3686,達能,5.00 ,3.00 ,1.00 ,0.2,1,1
3694,海華,7.00 ,3.00 ,1.00 ,0.14,0.97,1
3701,大眾控,7.00 ,3.00 ,0.00 ,0,0.98,1
3702,大聯大,11.00 ,4.00 ,1.00 ,0.09,0.98,1
3703,欣陸,7.00 ,3.00 ,3.00 ,0.43,1,1
3704,合勤控,9.00 ,3.00 ,1.00 ,0.11,1,1
3705,永信,9.00 ,3.00 ,1.00 ,0.11,0.99,1
3706,神達,10.00 ,3.00 ,0.00 ,0,1,1
3708,上緯投控,8.00 ,4.00 ,0.00 ,0,1,1
3711,日月光投控,13.00 ,3.00 ,1.00 ,0.08,0.96,1
3712,永崴投控,9.00 ,3.00 ,1.00 ,0.11,0.97,1
3714,富采,9.00 ,5.00 ,0.00 ,0,0.98,1
3715,定穎投控,5.00 ,0.00 ,0.00 ,0,1,1
4104,佳醫,9.00 ,3.00 ,0.00 ,0,0.98,1
4106,雃博,9.00 ,5.00 ,1.00 ,0.11,0.96,1
4108,懷特,12.00 ,3.00 ,2.00 ,0.17,0.92,0.5
4119,旭富,7.00 ,3.00 ,1.00 ,0.14,0.98,1
4133,亞諾法,7.00 ,3.00 ,2.00 ,0.29,0.86,1
4137,麗豐-KY,7.00 ,3.00 ,4.00 ,0.57,0.96,1
4142,國光生,11.00 ,3.00 ,2.00 ,0.18,0.89,0.09
4148,全宇生技-KY,9.00 ,4.00 ,4.00 ,0.44,1,1
4155,訊映,9.00 ,4.00 ,3.00 ,0.33,0.95,1
4164,承業醫,7.00 ,3.00 ,0.00 ,0,0.97,1
4190,佐登-KY,9.00 ,3.00 ,1.00 ,0.11,1,1
4306,炎洲,5.00 ,3.00 ,0.00 ,0,1,0.4
4414,如興,8.00 ,3.00 ,2.00 ,0.25,1,0.88
4426,利勤,7.00 ,3.00 ,0.00 ,0,0.81,0
4438,廣越,7.00 ,3.00 ,0.00 ,0,1,0.14
4439,冠星-KY,7.00 ,3.00 ,0.00 ,0,0.97,1
4440,宜新實業,9.00 ,4.00 ,1.00 ,0.11,1,1
4526,東台,12.00 ,3.00 ,2.00 ,0.17,0.93,1
4532,瑞智,8.00 ,2.00 ,0.00 ,0,0.77,0.88
4536,拓凱,10.00 ,4.00 ,1.00 ,0.1,0.98,1
4540,全球傳動,7.00 ,3.00 ,0.00 ,0,1,1
4545,銘鈺,7.00 ,3.00 ,0.00 ,0,0.97,1
4551,智伸科,8.00 ,3.00 ,1.00 ,0.13,1,1
4552,力達-KY,7.00 ,3.00 ,1.00 ,0.14,0.87,1
4555,氣立,7.00 ,3.00 ,0.00 ,0,1,1
4557,永新-KY,9.00 ,3.00 ,0.00 ,0,1,1
4560,強信-KY,7.00 ,4.00 ,1.00 ,0.14,0.9,1
4562,穎漢,9.00 ,4.00 ,0.00 ,0,1,1
4564,元翎,7.00 ,3.00 ,2.00 ,0.29,0.97,1
4566,時碩工業,7.00 ,4.00 ,2.00 ,0.29,0.98,1
4571,鈞興-KY,7.00 ,3.00 ,0.00 ,0,1,1
4572,駐龍,7.00 ,3.00 ,2.00 ,0.29,1,1
4576,大銀微系統,9.00 ,3.00 ,1.00 ,0.11,0.99,1
4581,光隆精密-KY,9.00 ,3.00 ,2.00 ,0.22,1,1
4583,台灣精銳,7.00 ,3.00 ,1.00 ,0.14,0.96,1
4720,德淵,11.00 ,4.00 ,1.00 ,0.09,0.95,1
4722,國精化,9.00 ,3.00 ,1.00 ,0.11,1,0.33
4736,泰博,7.00 ,4.00 ,0.00 ,0,1,1
4737,華廣,9.00 ,3.00 ,3.00 ,0.33,1,0.67
4739,康普,9.00 ,3.00 ,0.00 ,0,0.98,1
4746,台耀,7.00 ,2.00 ,2.00 ,0.29,0.96,1
4755,三福化,9.00 ,3.00 ,0.00 ,0,0.97,1
4763,材料-KY,7.00 ,3.00 ,0.00 ,0,0.98,1
4764,雙鍵,7.00 ,3.00 ,2.00 ,0.29,1,1
4766,南寶,7.00 ,3.00 ,0.00 ,0,1,1
4770,上品,9.00 ,3.00 ,1.00 ,0.11,1,1
4807,日成-KY,7.00 ,3.00 ,1.00 ,0.14,0.98,1
4904,遠傳,11.00 ,3.00 ,1.00 ,0.09,0.98,1
4906,正文,9.00 ,3.00 ,1.00 ,0.11,0.98,1
4912,聯德控股-KY,9.00 ,5.00 ,0.00 ,0,0.93,1
4915,致伸,8.00 ,4.00 ,1.00 ,0.13,1,1
4916,事欣科,7.00 ,3.00 ,3.00 ,0.43,0.93,1
4919,新唐,11.00 ,4.00 ,1.00 ,0.09,0.95,0.91
4927,泰鼎-KY,11.00 ,4.00 ,1.00 ,0.09,1,1
4930,燦星網,5.00 ,3.00 ,1.00 ,0.2,1,1
4934,太極,7.00 ,3.00 ,2.00 ,0.29,0.94,1
4935,茂林-KY,7.00 ,3.00 ,1.00 ,0.14,1,1
4938,和碩,12.00 ,3.00 ,1.00 ,0.08,1,1
4942,嘉彰,9.00 ,4.00 ,0.00 ,0,1,1
4943,康控-KY,7.00 ,3.00 ,0.00 ,0,1,1
4952,凌通,7.00 ,3.00 ,1.00 ,0.14,1,1
4956,光鋐,9.00 ,3.00 ,0.00 ,0,0.94,0.67
4958,臻鼎-KY,7.00 ,3.00 ,0.00 ,0,1,1
4960,誠美材,8.00 ,3.00 ,0.00 ,0,0.88,1
4961,天鈺,7.00 ,3.00 ,2.00 ,0.29,0.94,1
4967,十銓,7.00 ,3.00 ,2.00 ,0.29,1,1
4968,立積,9.00 ,4.00 ,1.00 ,0.11,0.98,1
4976,佳凌,9.00 ,3.00 ,1.00 ,0.11,0.98,0.78
4977,眾達-KY,7.00 ,3.00 ,0.00 ,0,1,1
4989,榮科,7.00 ,3.00 ,2.00 ,0.29,0.96,1
4994,傳奇,7.00 ,4.00 ,1.00 ,0.14,0.98,1
4999,鑫禾,9.00 ,4.00 ,1.00 ,0.11,0.98,1
5007,三星,9.00 ,3.00 ,1.00 ,0.11,0.98,0.89
5203,訊連,7.00 ,3.00 ,1.00 ,0.14,1,1
5215,科嘉-KY,9.00 ,3.00 ,0.00 ,0,0.98,1
5222,全訊,10.00 ,4.00 ,1.00 ,0.1,0.98,1
5225,東科-KY,7.00 ,4.00 ,0.00 ,0,1,1
5234,達興材料,9.00 ,3.00 ,0.00 ,0,0.97,1
5243,乙盛-KY,7.00 ,3.00 ,0.00 ,0,0.94,1
5244,弘凱,9.00 ,4.00 ,0.00 ,0,0.97,0.89
5258,虹堡,7.00 ,3.00 ,0.00 ,0,0.93,1
5269,祥碩,7.00 ,3.00 ,0.00 ,0,0.94,1
5283,禾聯碩,9.00 ,3.00 ,0.00 ,0,1,1
5284,jpp-KY,7.00 ,3.00 ,1.00 ,0.14,1,1
5285,界霖,7.00 ,3.00 ,0.00 ,0,1,1
5288,豐祥-KY,7.00 ,3.00 ,1.00 ,0.14,1,1
5306,桂盟,7.00 ,3.00 ,1.00 ,0.14,1,1
5388,中磊,7.00 ,3.00 ,1.00 ,0.14,0.98,1
5434,崇越,9.00 ,3.00 ,2.00 ,0.22,1,0.56
5469,瀚宇博,11.00 ,3.00 ,1.00 ,0.09,0.99,1
5471,松翰,9.00 ,3.00 ,0.00 ,0,0.98,0.33
5484,慧友,7.00 ,3.00 ,1.00 ,0.14,0.98,0.86
5515,建國,13.00 ,3.00 ,0.00 ,0,0.97,1
5519,隆大,7.00 ,3.00 ,0.00 ,0,0.91,1
5521,工信,6.00 ,2.00 ,1.00 ,0.17,0.97,1
5522,遠雄,7.00 ,3.00 ,1.00 ,0.14,0.82,0.86
5525,順天,13.00 ,3.00 ,1.00 ,0.08,0.9,0.92
5531,鄉林,7.00 ,3.00 ,2.00 ,0.29,0.96,1
5533,皇鼎,9.00 ,3.00 ,2.00 ,0.22,1,0.33
5534,長虹,9.00 ,3.00 ,2.00 ,0.22,0.89,0
5538,東明-KY,7.00 ,3.00 ,1.00 ,0.14,0.91,0.43
5546,永固-KY,7.00 ,3.00 ,2.00 ,0.29,0.94,1
5607,遠雄港,7.00 ,3.00 ,0.00 ,0,0.86,1
5608,四維航,6.00 ,3.00 ,1.00 ,0.17,1,1
5706,鳳凰,9.00 ,3.00 ,1.00 ,0.11,1,1
5871,中租-KY,9.00 ,3.00 ,1.00 ,0.11,0.99,1
5876,上海商銀,9.00 ,3.00 ,0.00 ,0,1,1
5880,合庫金,15.00 ,4.00 ,3.00 ,0.2,0.95,1
5906,台南-KY,7.00 ,3.00 ,1.00 ,0.14,0.98,1
5907,大洋-KY,7.00 ,3.00 ,2.00 ,0.29,0.92,1
6005,群益證,11.00 ,3.00 ,1.00 ,0.09,0.91,1
6024,群益期,7.00 ,3.00 ,2.00 ,0.29,0.98,1
6108,競國,6.00 ,3.00 ,4.00 ,0.67,1,1
6112,邁達特,7.00 ,3.00 ,2.00 ,0.29,1,1
6115,鎰勝,9.00 ,3.00 ,2.00 ,0.22,0.96,1
6116,彩晶,7.00 ,3.00 ,4.00 ,0.57,1,1
6117,迎廣,7.00 ,3.00 ,3.00 ,0.43,1,1
6120,達運,7.00 ,3.00 ,1.00 ,0.14,1,1
6128,上福,9.00 ,3.00 ,2.00 ,0.22,0.91,1
6133,金橋,7.00 ,3.00 ,1.00 ,0.14,0.93,0.29
6136,富爾特,7.00 ,3.00 ,1.00 ,0.14,1,1
6139,亞翔,8.00 ,3.00 ,1.00 ,0.13,0.85,0.25
6141,柏承,7.00 ,3.00 ,0.00 ,0,1,1
6142,友勁,7.00 ,3.00 ,0.00 ,0,0.98,1
6152,百一,7.00 ,3.00 ,0.00 ,0,1,1
6153,嘉聯益,9.00 ,3.00 ,1.00 ,0.11,0.95,1
6155,鈞寶,11.00 ,3.00 ,1.00 ,0.09,0.95,1
6164,華興,11.00 ,4.00 ,1.00 ,0.09,0.94,1
6165,浪凡,7.00 ,3.00 ,4.00 ,0.57,0.9,0.12
6166,凌華,9.00 ,4.00 ,2.00 ,0.22,0.93,1
6168,宏齊,7.00 ,3.00 ,0.00 ,0,0.98,1
6176,瑞儀,10.00 ,4.00 ,1.00 ,0.1,0.99,1
6177,達麗,7.00 ,3.00 ,1.00 ,0.14,1,0.86
6183,關貿,15.00 ,3.00 ,2.00 ,0.13,0.99,1
6184,大豐電,9.00 ,3.00 ,1.00 ,0.11,1,0
6189,豐藝,9.00 ,4.00 ,3.00 ,0.33,1,1
6191,精成科,9.00 ,3.00 ,0.00 ,0,0.97,1
6192,巨路,8.00 ,3.00 ,2.00 ,0.25,0.97,0.13
6196,帆宣,9.00 ,3.00 ,2.00 ,0.22,0.99,1
6197,佳必琪,9.00 ,4.00 ,3.00 ,0.33,1,1
6201,亞弘電,7.00 ,3.00 ,1.00 ,0.14,1,1
6202,盛群,9.00 ,3.00 ,1.00 ,0.11,1,1
6205,詮欣,8.00 ,3.00 ,2.00 ,0.25,1,1
6206,飛捷,7.00 ,3.00 ,1.00 ,0.14,0.9,1
6209,今國光,9.00 ,3.00 ,1.00 ,0.11,0.94,0.44
6213,聯茂,7.00 ,4.00 ,2.00 ,0.29,0.96,1
6214,精誠,12.00 ,3.00 ,2.00 ,0.17,0.98,1
6215,和椿,7.00 ,3.00 ,0.00 ,0,0.96,0.71
6216,居易,9.00 ,3.00 ,1.00 ,0.11,0.76,1
6224,聚鼎,10.00 ,3.00 ,0.00 ,0,0.96,0.33
6225,天瀚,7.00 ,3.00 ,4.00 ,0.57,0.85,0
6226,光鼎,9.00 ,3.00 ,1.00 ,0.11,0.96,0
6230,尼得科超眾,12.00 ,4.00 ,0.00 ,0,1,1
6235,華孚,9.00 ,3.00 ,1.00 ,0.11,0.98,1
6239,力成,11.00 ,4.00 ,1.00 ,0.09,0.98,0.55
6243,迅杰,7.00 ,3.00 ,0.00 ,0,0.95,1
6257,矽格,9.00 ,3.00 ,0.00 ,0,0.96,1
6269,台郡,11.00 ,4.00 ,2.00 ,0.18,0.99,0.73
6271,同欣電,9.00 ,3.00 ,3.00 ,0.33,0.93,0.78
6277,宏正,10.00 ,3.00 ,1.00 ,0.1,0.98,1
6278,台表科,10.00 ,3.00 ,4.00 ,0.4,0.97,0.5
6281,全國電,9.00 ,4.00 ,0.00 ,0,0.98,1
6282,康舒,10.00 ,3.00 ,0.00 ,0,0.99,1
6283,淳安,9.00 ,3.00 ,4.00 ,0.44,0.97,1
6285,啟,9.00 ,4.00 ,1.00 ,0.11,0.98,1
6288,聯嘉,9.00 ,4.00 ,2.00 ,0.22,1,1
6405,悅城,7.00 ,3.00 ,1.00 ,0.14,1,1
6409,旭隼,8.00 ,4.00 ,3.00 ,0.38,0.86,1
6412,群電,7.00 ,3.00 ,2.00 ,0.29,1,1
6414,樺漢,6.00 ,3.00 ,4.00 ,0.67,1,1
6415,矽力*-KY,7.00 ,3.00 ,1.00 ,0.14,1,1
6416,瑞祺電通,7.00 ,3.00 ,1.00 ,0.14,1,1
6426,統新,7.00 ,3.00 ,1.00 ,0.14,0.97,1
6431,光麗-KY,10.00 ,3.00 ,1.00 ,0.1,1,1
6438,迅得,9.00 ,3.00 ,1.00 ,0.11,1,1
6442,光聖,7.00 ,3.00 ,2.00 ,0.29,1,1
6443,元晶,8.00 ,3.00 ,2.00 ,0.25,0.98,1
6446,藥華藥,11.00 ,3.00 ,2.00 ,0.18,0.97,1
6449,鈺邦,7.00 ,3.00 ,0.00 ,0,1,0.57
6451,訊芯-KY,7.00 ,3.00 ,0.00 ,0,0.94,1
6456,GIS-KY,7.00 ,3.00 ,0.00 ,0,0.98,1
6464,台數科,15.00 ,3.00 ,4.00 ,0.27,0.77,1
6472,保瑞,7.00 ,3.00 ,0.00 ,0,0.95,1
6477,安集,8.00 ,3.00 ,1.00 ,0.13,0.92,0.88
6491,晶碩,9.00 ,3.00 ,1.00 ,0.11,0.93,1
6504,南六,9.00 ,3.00 ,1.00 ,0.11,1,1
6505,台塑化,15.00 ,3.00 ,1.00 ,0.07,0.94,1
6515,穎崴,9.00 ,4.00 ,0.00 ,0,1,1
6525,捷敏-KY,9.00 ,4.00 ,3.00 ,0.33,0.98,1
6531,愛普*,7.00 ,4.00 ,2.00 ,0.29,1,1
6533,晶心科,7.00 ,3.00 ,0.00 ,0,0.91,1
6541,泰福-KY,9.00 ,3.00 ,1.00 ,0.11,0.87,1
6550,北極星藥業-KY,7.00 ,3.00 ,0.00 ,0,0.88,1
6552,易華電,7.00 ,3.00 ,0.00 ,0,0.97,1
6558,興能高,9.00 ,3.00 ,3.00 ,0.33,1,1
6573,虹揚-KY,9.00 ,4.00 ,4.00 ,0.44,0.97,1
6579,研揚,11.00 ,3.00 ,1.00 ,0.09,1,0.98
6581,鋼聯,11.00 ,4.00 ,1.00 ,0.09,0.95,1
6582,申豐,7.00 ,3.00 ,1.00 ,0.14,1,1
6585,鼎基,8.00 ,4.00 ,0.00 ,0,0.99,1
6591,動力-KY,7.00 ,4.00 ,1.00 ,0.14,1,1
6592,和潤企業,8.00 ,2.00 ,0.00 ,0,0.9,1
6598,ABC-KY,7.00 ,3.00 ,1.00 ,0.14,0.92,1
6605,帝寶,10.00 ,4.00 ,3.00 ,0.3,1,0.8
6606,建德工業,11.00 ,3.00 ,1.00 ,0.09,1,1
6625,必應,7.00 ,3.00 ,0.00 ,0,0.88,1
6641,基士德-KY,7.00 ,3.00 ,1.00 ,0.14,1,1
6655,科定,7.00 ,3.00 ,1.00 ,0.14,1,1
6657,華安,6.00 ,3.00 ,0.00 ,0,0.98,1
6666,羅麗芬-KY,8.00 ,4.00 ,3.00 ,0.38,1,1
6668,中揚光,7.00 ,3.00 ,0.00 ,0,0.99,1
6669,緯穎,9.00 ,4.00 ,2.00 ,0.22,1,1
6670,復盛應用,8.00 ,3.00 ,0.00 ,0,0.96,1
6671,三能-KY,9.00 ,3.00 ,1.00 ,0.11,0.98,1
6672,騰輝電子-KY,7.00 ,3.00 ,0.00 ,0,0.95,1
6674,鋐寶科技,7.00 ,3.00 ,1.00 ,0.14,0.89,0.43
6689,伊雲谷,7.00 ,3.00 ,2.00 ,0.29,1,1
6691,洋基工程,7.00 ,3.00 ,0.00 ,0,0.96,1
6695,芯鼎,9.00 ,3.00 ,1.00 ,0.11,0.94,0.78
6698,旭暉應材,9.00 ,4.00 ,4.00 ,0.44,0.96,1
6706,惠特,9.00 ,3.00 ,1.00 ,0.11,0.99,1
6715,嘉基,7.00 ,3.00 ,1.00 ,0.14,0.96,1
6719,力智,9.00 ,3.00 ,0.00 ,0,0.94,1
6743,安普新,10.00 ,4.00 ,1.00 ,0.1,0.9,0.9
6753,龍德造船,9.00 ,3.00 ,1.00 ,0.11,0.96,0.33
6754,匯僑設計,8.00 ,4.00 ,2.00 ,0.25,0.98,1
6756,威鋒電子,7.00 ,3.00 ,1.00 ,0.14,1,1
6768,志強-KY,7.00 ,3.00 ,0.00 ,0,1,1
6770,力積電,9.00 ,5.00 ,0.00 ,0,0.96,1
6776,展眥篕,7.00 ,4.00 ,1.00 ,0.14,0.96,1
6781,AES-KY,7.00 ,3.00 ,1.00 ,0.14,0.97,1
6782,視陽,8.00 ,4.00 ,2.00 ,0.25,1,1
6789,采鈺,6.00 ,3.00 ,3.00 ,0.5,1,1
6790,永豐實,7.00 ,3.00 ,2.00 ,0.29,1,1
6792,詠業,8.00 ,4.00 ,0.00 ,0,1,1
6796,晉弘,7.00 ,3.00 ,1.00 ,0.14,0.94,1
6799,來頡,7.00 ,3.00 ,0.00 ,0,0.98,1
6806,森崴能源,7.00 ,3.00 ,1.00 ,0.14,0.95,1
6807,峰源-KY,9.00 ,4.00 ,0.00 ,0,1,1
6830,汎銓,11.00 ,4.00 ,0.00 ,0,1,1
6834,天二科技,9.00 ,3.00 ,1.00 ,0.11,1,1
6835,圓裕,9.00 ,4.00 ,1.00 ,0.11,1,1
6854,錼創科技-KY創,8.00 ,3.00 ,1.00 ,0.13,0.98,1
6861,睿生光電,7.00 ,3.00 ,0.00 ,0,0.98,1
6863,永道-KY,7.00 ,3.00 ,0.00 ,0,1,1
6869,雲豹能源-創,7.00 ,4.00 ,1.00 ,0.14,0.94,1
6873,泓德能源-創,7.00 ,3.00 ,1.00 ,0.14,0.94,1
8011,台通,7.00 ,3.00 ,3.00 ,0.43,0.95,1
8016,矽創,9.00 ,4.00 ,1.00 ,0.11,1,1
8021,尖點,8.00 ,4.00 ,2.00 ,0.25,0.99,1
8028,昇陽半導體,9.00 ,3.00 ,1.00 ,0.11,0.94,1
8033,雷虎,8.00 ,3.00 ,2.00 ,0.25,0.84,1
8039,台虹,9.00 ,3.00 ,0.00 ,0,1,1
8046,南電,9.00 ,3.00 ,0.00 ,0,0.98,1
8070,長華*,7.00 ,3.00 ,1.00 ,0.14,0.95,1
8072,陞泰,7.00 ,4.00 ,2.00 ,0.29,1,1
8081,致新,7.00 ,3.00 ,3.00 ,0.43,0.94,0
8101,華冠,9.00 ,3.00 ,0.00 ,0,0.89,0
8103,瀚荃,7.00 ,3.00 ,1.00 ,0.14,0.96,1
8104,錸寶,9.00 ,3.00 ,3.00 ,0.33,0.96,1
8105,凌巨,6.00 ,2.00 ,1.00 ,0.17,0.96,1
8110,華東,9.00 ,4.00 ,1.00 ,0.11,0.9,1
8112,至上,8.00 ,4.00 ,1.00 ,0.13,1,1
8114,振樺電,9.00 ,3.00 ,3.00 ,0.33,0.98,1
8131,福懋科,11.00 ,3.00 ,1.00 ,0.09,0.94,1
8150,南茂,9.00 ,5.00 ,3.00 ,0.33,0.98,1
8163,達方,9.00 ,4.00 ,1.00 ,0.11,1,1
8201,無敵,7.00 ,3.00 ,0.00 ,0,0.96,1
8210,勤誠,9.00 ,4.00 ,3.00 ,0.33,0.96,1
8213,志超,15.00 ,3.00 ,5.00 ,0.33,1,0.4
8215,明基材,8.00 ,3.00 ,0.00 ,0,1,1
8222,寶一,7.00 ,3.00 ,2.00 ,0.29,0.94,1
8249,菱光,7.00 ,3.00 ,1.00 ,0.14,1,0.94
8261,富鼎,7.00 ,3.00 ,1.00 ,0.14,1,1
8271,宇瞻,9.00 ,3.00 ,1.00 ,0.11,0.97,1
8341,日友,7.00 ,3.00 ,0.00 ,0,1,1
8367,建新國際,9.00 ,4.00 ,1.00 ,0.11,0.93,1
8374,羅昇,9.00 ,3.00 ,2.00 ,0.22,1,1
8404,百和興業-KY,10.00 ,4.00 ,1.00 ,0.1,1,1
8411,福貞-KY,7.00 ,3.00 ,2.00 ,0.29,0.98,1
8422,可寧衛,8.00 ,4.00 ,0.00 ,0,1,1
8429,金麗-KY,7.00 ,3.00 ,0.00 ,0,0.81,1
8438,昶昕,9.00 ,3.00 ,2.00 ,0.22,1,1
8442,威宏-KY,9.00 ,3.00 ,1.00 ,0,0.83,1
8443,阿瘦,7.00 ,3.00 ,1.00 ,0.14,0.91,1
8454,富邦媒,9.00 ,3.00 ,0.00 ,0,1,1
8462,柏文,7.00 ,3.00 ,2.00 ,0.29,0.97,1
8463,潤泰材,9.00 ,3.00 ,1.00 ,0.11,0.89,1
8464,億豐,9.00 ,3.00 ,0.00 ,0,0.97,1
8466,美吉吉-KY,8.00 ,3.00 ,0.00 ,0,0.9,1
8467,波力-KY,7.00 ,3.00 ,2.00 ,0.28,0.89,1
8473,山林水,9.00 ,3.00 ,1.00 ,0.11,0.84,1
8476,台境,7.00 ,3.00 ,1.00 ,0.14,0.96,1
8478,東哥遊艇,7.00 ,3.00 ,1.00 ,0.14,1,1
8481,政伸,11.00 ,3.00 ,1.00 ,0.09,1,1
8482,商億-KY,7.00 ,3.00 ,1.00 ,0.14,1,1
8488,吉源-KY,9.00 ,3.00 ,1.00 ,0.11,0.94,1
8499,鼎炫-KY,7.00 ,3.00 ,3.00 ,0.43,0.96,1
8926,台汽電,13.00 ,3.00 ,0.00 ,0,0.94,1
8940,新天地,6.00 ,2.00 ,2.00 ,0.33,1,1
8996,高力,9.00 ,3.00 ,0.00 ,0,1,1
9802,鈺齊-KY,8.00 ,5.00 ,3.00 ,0.38,1,1
9902,台火,7.00 ,3.00 ,0.00 ,0,1,1
9904,寶成,9.00 ,3.00 ,2.00 ,0.22,0.98,1
9905,大華,10.00 ,3.00 ,2.00 ,0.2,0.98,0.4
9906,欣巴巴,7.00 ,3.00 ,5.00 ,0.71,0.95,1
9907,統一實,10.00 ,3.00 ,1.00 ,0.1,0.99,1
9908,大台北,11.00 ,3.00 ,1.00 ,0.09,0.86,0.64
9910,豐泰,13.00 ,4.00 ,1.00 ,0.08,1,1
9911,櫻花,9.00 ,3.00 ,1.00 ,0.11,0.96,1
9912,偉聯,7.00 ,3.00 ,2.00 ,0.29,0.96,1
9914,美利達,13.00 ,4.00 ,3.00 ,0.23,0.99,1
9917,中保科,11.00 ,3.00 ,1.00 ,0.09,0.98,1
9918,欣天然,24.00 ,5.00 ,6.00 ,0.25,0.92,0.88
9919,康那香,9.00 ,3.00 ,3.00 ,0.33,0.94,1
9921,巨大,11.00 ,3.00 ,1.00 ,0.09,0.97,1
9924,福興,10.00 ,3.00 ,1.00 ,0.1,0.95,1
9925,新保,9.00 ,4.00 ,0.00 ,0,0.83,0.78
9926,新海,15.00 ,3.00 ,2.00 ,0.13,0.88,0.33
9927,泰銘,9.00 ,3.00 ,0.00 ,0,0.98,0.33
9928,中視,9.00 ,3.00 ,3.00 ,0.33,0.93,1
9929,秋雨,7.00 ,3.00 ,0.00 ,0,0.97,0.14
9930,中聯資源,15.00 ,3.00 ,0.00 ,0,0.94,1
9931,欣高,9.00 ,3.00 ,2.00 ,0.22,0.89,1
9933,中鼎,12.00 ,4.00 ,1.00 ,0.08,0.93,1
9934,成霖,7.00 ,3.00 ,1.00 ,0.14,0.96,1
9935,慶豐富,3.00 ,3.00 ,0.00 ,0,0.79,1
9937,全國,9.00 ,3.00 ,2.00 ,0.22,0.94,1
9938,百和,8.00 ,3.00 ,2.00 ,0.25,1,1
9939,宏全,9.00 ,3.00 ,1.00 ,0.11,1,0.56
9940,信義,7.00 ,4.00 ,1.00 ,0.14,0.97,1
9941,裕融,11.00 ,4.00 ,1.00 ,0.09,0.94,1
9942,茂順,9.00 ,4.00 ,1.00 ,0.11,0.89,1
9943,好樂迪,11.00 ,3.00 ,5.00 ,0.45,0.83,0.55
9944,新麗,7.00 ,3.00 ,4.00 ,0.57,0.96,1
9945,潤泰新,9.00 ,3.00 ,2.00 ,0.22,0.87,1
9946,三發地產,7.00 ,3.00 ,0.00 ,0,1,1
9955,佳龍,7.00 ,3.00 ,0.00 ,0,0.98,1
9958,世紀鋼,9.00 ,3.00 ,1.00 ,0,0.99,1
