¥N¸¹,industry_id,LEVEL_111,E1,E9,E10,E17,Q4,Q7,Q11,Q15,S12,S2,S9,S21,esg_out,Q20,G6,G19,Q34_2,Q35_2,E_score,S_score,G_score,ESG_score,ESG_rating
1101,14,B+,2,2,4,3,4,4,1,4,2,3,1,2,4,2,1,2,4,3,3.0,2.3333333333333335,2.5,2.6533333333333333,B
1102,14,A,4,3,1,4,3,4,2,4,4,3,1,4,4,1,2,3,1,3,3.125,2.8333333333333335,2.25,2.7370833333333335,B+
1103,14,B,2,4,1,4,2,2,1,2,4,2,4,2,4,1,1,4,1,3,2.25,2.8333333333333335,2.25,2.3958333333333335,B-
1104,14,B+,2,2,2,2,2,2,1,1,3,4,4,2,3,2,4,2,4,3,1.75,3.0,3.25,2.6025,B
1108,14,B,4,4,2,4,3,3,1,1,4,2,2,4,3,3,2,4,1,3,2.75,3.0,2.5,2.7225,B+
1109,14,B,4,4,1,2,4,2,1,2,3,4,4,2,3,2,1,4,4,3,2.5,3.0,3.0,2.805,B+
1110,14,B,2,2,1,4,3,4,2,1,2,2,2,-2147483648,3,3,1,4,3,3,2.375,2.0,2.75,2.41625,B-
1201,2,A+,4,4,1,4,3,4,2,1,4,3,3,-2147483648,4,3,4,4,4,3,2.875,2.8333333333333335,3.75,3.1795833333333334,A+
1203,1,B+,4,2,1,4,4,4,4,1,3,2,3,4,4,2,3,2,4,3,3.0,3.0,3.0,3.0,A
1210,1,B+,2,4,1,2,1,1,1,1,2,4,3,4,4,2,4,3,4,3,1.625,3.1666666666666665,3.5,2.685416666666667,B
1213,2,B-,2,4,1,4,3,2,1,1,4,3,4,-2147483648,4,1,2,2,1,3,2.25,2.6666666666666665,2.0,2.2641666666666667,C
1215,1,B+,4,4,4,4,4,2,1,1,4,3,3,4,4,2,1,2,4,3,3.0,3.3333333333333335,2.5,2.9033333333333333,B+
1216,2,A+,2,2,2,4,3,3,4,2,2,3,4,2,4,4,4,4,1,3,2.75,3.1666666666666665,3.0,2.944166666666667,B+
1217,1,B+,4,4,1,4,4,3,4,1,4,4,3,4,4,3,3,2,1,3,3.125,3.6666666666666665,2.25,2.9454166666666666,B+
1218,1,B+,2,4,1,4,2,2,4,2,4,2,3,2,4,4,4,4,1,3,2.625,3.1666666666666665,3.0,2.8954166666666667,B+
1219,1,A,2,2,2,2,3,2,1,4,4,4,3,4,4,4,4,4,1,3,2.25,3.8333333333333335,3.0,2.9158333333333335,B+
1220,1,B-,4,4,2,4,3,3,4,1,4,2,3,4,4,2,2,2,4,3,3.125,3.1666666666666665,2.75,3.0004166666666663,A
1225,1,B+,2,2,4,4,2,4,1,1,2,1,3,2,4,4,1,2,1,3,2.5,2.6666666666666665,1.75,2.2716666666666665,C
1227,1,B+,2,4,2,4,2,2,1,2,3,1,4,4,4,3,1,2,4,3,2.375,3.1666666666666665,2.5,2.6179166666666664,B
1229,1,A,2,2,4,4,3,2,4,2,4,1,4,2,4,1,4,4,1,3,2.875,2.6666666666666665,3.0,2.867916666666667,B+
1231,1,A+,2,4,2,4,2,2,4,1,3,4,3,4,4,3,2,3,1,3,2.625,3.5,2.25,2.7087499999999998,B
1232,1,A,4,2,1,4,2,2,2,1,4,2,3,4,4,4,1,4,1,3,2.25,3.5,2.25,2.5625,B
1233,1,B+,2,2,4,4,2,4,4,1,4,4,3,4,4,4,4,2,1,3,2.875,3.8333333333333335,2.5,2.9795833333333333,A
1234,2,A+,2,2,2,4,3,4,3,4,3,2,4,4,4,4,1,4,1,3,3.0,3.5,2.25,2.855,B+
1235,1,C,4,4,1,4,3,2,1,1,4,1,3,4,4,4,1,2,1,3,2.5,3.3333333333333335,1.75,2.4383333333333335,B-
1236,1,B,2,2,1,2,4,2,2,1,4,1,2,4,4,3,1,4,3,3,2.0,3.0,2.75,2.52,B
1256,2,C,3,2,1,4,4,2,1,4,4,2,3,4,4,3,4,4,4,3,2.625,3.3333333333333335,3.75,3.2070833333333333,A+
1301,10,B,4,4,1,4,4,4,4,4,2,2,2,2,4,4,2,4,1,3,3.625,2.6666666666666665,2.5,2.9804166666666667,A
1303,10,B+,2,2,2,2,4,4,1,4,3,4,4,2,4,3,4,3,1,3,2.625,3.3333333333333335,2.75,2.847083333333333,B+
1304,10,A+,2,2,1,4,2,4,1,4,4,1,1,4,4,1,4,4,1,3,2.5,2.5,3.0,2.68,B
1305,10,A+,4,4,2,2,3,3,1,1,3,2,1,2,4,3,3,3,1,3,2.5,2.5,2.5,2.5,B-
1307,15,B+,2,2,4,2,4,2,2,1,4,4,1,4,3,2,4,2,4,3,2.375,3.0,3.25,2.84625,B+
1308,10,A,4,4,2,4,3,3,1,4,3,1,1,-2147483648,4,1,2,4,1,3,3.125,1.6666666666666667,2.5,2.5354166666666664,B
1309,10,A+,2,2,4,2,3,4,3,2,3,1,1,2,4,1,4,3,1,3,2.75,2.0,2.75,2.5625,B
1310,10,B,4,4,2,3,4,4,4,1,3,2,2,4,3,4,2,2,1,3,3.25,3.0,2.0,2.7375,B+
1312,10,B+,3,2,4,2,4,4,4,2,3,4,4,4,3,2,4,4,4,3,3.125,3.3333333333333335,3.75,3.4020833333333336,A+
1313,10,A,2,2,4,3,2,2,2,1,3,2,3,2,4,4,1,4,1,3,2.25,3.0,2.25,2.4375,B-
1314,10,B+,4,4,1,2,4,4,2,4,4,3,4,4,4,4,2,3,1,3,3.125,3.8333333333333335,2.25,2.9870833333333335,A
1315,15,B,2,2,1,4,1,2,1,1,2,4,4,4,3,4,4,2,1,3,1.75,3.5,2.5,2.4575,B-
1319,22,B+,4,4,1,4,3,2,3,1,3,4,3,4,3,1,3,3,1,3,2.75,3.0,2.5,2.7225,B+
1321,15,B,4,4,4,4,4,3,1,2,3,4,4,2,3,3,4,2,4,3,3.25,3.1666666666666665,3.25,3.2291666666666665,A+
1323,15,B+,2,2,4,4,4,4,1,4,4,2,2,2,3,2,1,4,4,3,3.125,2.5,3.0,2.92375,B+
1324,15,B+,4,4,1,4,2,4,2,2,4,4,4,4,3,1,1,4,1,3,2.875,3.3333333333333335,2.25,2.7645833333333334,B+
1325,3,C-,4,4,1,4,1,1,1,1,3,1,1,4,3,1,1,2,1,3,2.125,2.1666666666666665,1.75,2.0004166666666667,C-
1326,10,B+,4,4,1,4,4,4,4,4,2,2,2,2,4,3,2,4,3,3,3.625,2.5,3.0,3.1187500000000004,A
1337,15,C,3,4,1,4,1,1,1,1,2,1,1,2,3,1,1,3,1,3,2.0,1.6666666666666667,2.0,1.9166666666666667,C-
1338,22,B,3,3,3,4,4,4,2,1,4,1,3,2,3,1,1,4,1,3,3.0,2.3333333333333335,2.25,2.5633333333333335,B
1339,22,B-,4,2,1,4,1,4,1,1,3,1,1,-2147483648,3,4,1,4,1,3,2.25,2.0,2.25,2.1875,C
1340,15,C-,4,4,1,4,1,1,1,1,3,1,1,-2147483648,3,1,1,3,1,3,2.125,1.5,2.0,1.9237499999999998,C-
1341,15,B,4,4,1,4,2,2,2,1,3,1,1,-2147483648,3,3,1,3,1,3,2.5,1.8333333333333333,2.0,2.1533333333333333,C
1342,15,B-,3,4,1,4,2,1,1,2,4,1,1,2,3,3,1,3,1,3,2.25,2.3333333333333335,2.0,2.180833333333333,C
1402,3,B+,4,4,4,2,3,4,3,2,3,3,3,2,4,3,3,3,1,3,3.25,3.0,2.5,2.9175,B+
1409,3,B+,4,3,4,4,3,4,1,1,4,4,3,4,4,2,1,3,4,3,3.0,3.5,2.75,3.035,A
1410,3,B,4,4,1,4,1,1,1,1,4,1,1,-2147483648,3,1,1,3,1,3,2.125,1.6666666666666667,2.0,1.9654166666666666,C-
1413,3,B-,4,4,1,4,4,2,2,1,3,3,3,2,3,3,3,4,1,3,2.75,2.8333333333333335,2.75,2.770833333333333,B+
1414,3,B,4,4,1,4,2,4,1,1,4,1,1,2,3,4,1,3,1,3,2.625,2.5,2.0,2.36875,B-
1417,4,C,4,4,1,4,1,1,1,1,4,1,1,2,3,2,1,3,4,3,2.125,2.1666666666666665,2.75,2.3604166666666666,B-
1418,3,C,2,3,1,4,4,4,1,1,2,1,1,-2147483648,3,1,1,3,1,3,2.5,1.3333333333333333,2.0,2.0283333333333333,C
1419,3,B,4,4,1,4,2,4,1,2,4,1,1,2,3,2,1,2,4,3,2.75,2.1666666666666665,2.5,2.5141666666666667,B
1423,3,C-,4,4,1,4,4,4,1,1,2,1,1,2,3,2,1,3,4,3,2.875,1.8333333333333333,2.75,2.569583333333333,B
1434,3,A,4,2,4,2,4,4,4,1,4,1,4,2,4,3,1,2,1,3,3.125,3.0,1.75,2.59875,B
1440,3,B+,4,4,1,2,3,3,2,4,4,3,3,-2147483648,3,3,3,4,1,3,2.875,2.6666666666666665,2.75,2.777916666666667,B+
1441,3,C,4,4,1,4,1,1,1,1,4,1,1,-2147483648,3,1,1,3,1,3,2.125,1.6666666666666667,2.0,1.9654166666666666,C-
1444,3,B,4,4,1,4,4,4,1,1,4,3,3,2,3,4,3,3,1,3,2.875,3.1666666666666665,2.5,2.8129166666666667,B+
1445,3,C-,4,4,1,4,1,1,1,1,4,1,1,2,3,1,1,3,1,3,2.125,2.0,2.0,2.04875,C
1447,3,B,4,4,3,4,2,2,1,1,4,3,1,2,3,4,3,3,1,3,2.625,2.8333333333333335,2.5,2.632083333333333,B
1449,3,B-,2,2,1,4,2,4,2,1,4,1,1,-2147483648,3,3,1,3,3,3,2.25,2.0,2.5,2.2775,C
1451,4,B-,4,3,1,4,2,2,1,1,2,1,1,2,3,2,1,2,4,3,2.25,1.8333333333333333,2.5,2.2358333333333333,C
1452,3,B,2,4,1,4,2,4,1,1,4,1,1,2,3,4,1,4,1,3,2.375,2.5,2.25,2.36125,B-
1454,3,C-,4,4,1,4,1,1,1,1,3,1,1,2,3,2,1,3,4,3,2.125,2.0,2.75,2.3187499999999996,B-
1455,3,A,4,4,1,4,4,4,3,4,3,1,1,-2147483648,4,4,1,2,1,3,3.5,2.1666666666666665,1.75,2.5366666666666666,B
1457,3,A,4,4,1,4,3,2,1,2,3,3,3,-2147483648,3,1,3,4,1,3,2.625,2.1666666666666665,2.75,2.555416666666667,B
1459,3,B-,2,4,1,4,1,2,1,1,4,1,1,2,3,1,1,4,1,3,2.0,2.0,2.25,2.09,C
1460,3,B+,4,3,4,4,3,4,1,1,4,1,4,2,4,3,3,3,1,3,3.0,3.0,2.5,2.82,B+
1463,3,B,2,2,1,2,1,1,1,1,4,1,1,-2147483648,3,1,1,4,1,3,1.375,1.6666666666666667,2.25,1.7629166666666665,C-
1464,3,C,4,4,1,4,2,3,4,1,4,1,1,-2147483648,3,3,1,4,4,3,2.875,2.0,3.0,2.70125,B
1465,3,B-,2,4,1,4,1,1,1,1,4,1,1,2,3,1,1,3,1,3,1.875,2.0,2.0,1.9512500000000002,C-
1466,3,A,2,4,1,4,2,2,3,2,4,1,4,4,3,2,2,3,4,3,2.5,3.0,3.0,2.805,B+
1467,4,A,3,4,2,4,1,4,1,1,4,1,2,2,3,3,1,2,3,3,2.5,2.5,2.25,2.41,B-
1468,3,B,4,4,1,4,2,2,1,1,3,1,1,2,3,1,1,3,1,3,2.375,1.8333333333333333,2.0,2.1045833333333333,C
1470,3,B+,4,3,1,2,4,4,4,1,4,1,1,2,3,1,1,4,1,3,2.875,2.0,2.25,2.43125,B-
1471,18,C-,3,4,1,4,1,1,1,1,4,1,1,2,3,1,1,3,1,3,2.0,2.0,2.0,2.0,C-
1473,4,C,3,4,1,4,3,4,4,1,4,3,3,2,3,3,1,3,1,3,3.0,3.0,2.0,2.6399999999999997,B
1474,3,B,4,3,1,4,4,2,2,1,2,1,1,2,3,2,1,2,4,3,2.625,1.8333333333333333,2.5,2.382083333333333,B-
1475,3,B-,4,4,1,4,1,1,1,1,4,1,1,-2147483648,3,1,1,3,1,3,2.125,1.6666666666666667,2.0,1.9654166666666666,C-
1476,4,B+,4,4,3,4,4,4,1,2,3,1,1,2,4,4,1,3,1,3,3.25,2.5,2.0,2.6125,B
1477,4,B+,2,3,1,4,2,2,2,2,4,3,1,2,4,2,1,3,4,3,2.25,2.6666666666666665,2.75,2.5341666666666667,B
1503,20,A,2,3,1,2,4,2,1,1,4,4,4,2,3,1,4,2,1,3,2.0,3.0,2.5,2.4299999999999997,B-
1504,20,A,2,2,1,4,2,4,4,4,2,2,2,4,4,3,1,4,3,3,2.875,2.8333333333333335,2.75,2.819583333333333,B+
1506,22,C,4,2,1,2,2,2,2,1,3,1,1,2,3,2,1,3,4,3,2.0,2.0,2.75,2.27,C
1512,22,C,2,2,1,4,3,4,1,1,4,1,1,4,3,1,1,3,1,3,2.25,2.3333333333333335,2.0,2.180833333333333,C
1513,20,B+,2,2,1,4,4,2,3,2,4,1,1,2,3,3,1,4,1,3,2.5,2.3333333333333335,2.25,2.3683333333333336,B-
1514,20,B-,2,2,1,4,1,4,1,1,2,1,1,2,3,4,1,3,1,3,2.0,2.1666666666666665,2.0,2.041666666666667,C
1515,20,B,4,4,1,4,2,2,2,2,4,1,1,2,3,4,1,2,1,3,2.625,2.5,1.75,2.27875,C
1516,25,C-,4,4,1,4,1,1,1,1,4,1,1,4,3,1,1,2,1,3,2.125,2.3333333333333335,1.75,2.0420833333333333,C
1517,23,B,4,4,1,4,4,2,2,2,4,1,1,4,3,3,1,4,3,3,2.875,2.6666666666666665,2.75,2.777916666666667,B+
1519,20,A,4,4,4,4,2,2,4,4,3,1,1,2,3,3,1,4,4,3,3.5,2.1666666666666665,3.0,2.986666666666667,A
1521,22,B+,4,2,1,4,1,1,1,1,3,1,1,2,3,1,1,3,1,3,1.875,1.8333333333333333,2.0,1.9095833333333334,C-
1522,22,A,2,2,2,4,2,4,3,2,2,4,4,4,3,3,4,2,1,3,2.625,3.3333333333333335,2.5,2.757083333333333,B+
1524,22,B-,4,4,1,4,1,3,4,1,4,1,1,4,3,3,1,4,1,3,2.75,2.6666666666666665,2.25,2.549166666666667,B
1525,22,B+,2,2,1,4,3,4,4,1,4,2,2,2,3,4,2,4,1,3,2.625,2.8333333333333335,2.5,2.632083333333333,B
1526,23,B,4,4,1,4,3,4,1,1,2,1,1,-2147483648,3,1,1,2,1,3,2.75,1.3333333333333333,1.75,2.035833333333333,C
1527,21,B-,4,4,1,4,2,3,2,2,2,1,1,4,3,3,1,3,1,3,2.75,2.3333333333333335,2.0,2.3758333333333335,B-
1528,21,B,4,4,1,4,1,1,1,1,4,1,1,4,3,1,1,4,1,3,2.125,2.3333333333333335,2.25,2.2220833333333334,C
1529,20,C-,4,4,1,4,1,2,1,1,4,4,1,2,3,1,4,3,1,3,2.25,2.5,2.75,2.4924999999999997,B-
1530,21,C,2,4,1,4,1,1,1,1,3,1,4,2,3,3,1,2,3,3,1.875,2.6666666666666665,2.25,2.2079166666666667,C
1531,21,B,3,2,1,4,2,1,1,2,4,2,4,2,3,4,3,2,1,3,2.0,3.1666666666666665,2.25,2.381666666666667,B-
1532,21,B+,4,4,1,4,3,4,3,4,4,1,2,4,4,2,4,2,4,3,3.375,2.8333333333333335,3.25,3.1945833333333336,A+
1533,22,A,2,2,4,4,4,2,2,2,3,1,2,2,4,1,2,4,1,3,2.75,2.1666666666666665,2.5,2.5141666666666667,B
1536,22,C,2,2,1,4,2,2,4,4,3,1,1,-2147483648,4,2,1,4,4,3,2.625,1.8333333333333333,3.0,2.5620833333333333,B
1537,20,C,4,2,1,4,2,2,4,1,4,1,1,2,3,1,1,4,1,3,2.5,2.0,2.25,2.285,C
1538,21,C,4,4,1,4,1,1,1,1,2,1,1,-2147483648,3,4,1,3,1,3,2.125,1.8333333333333333,2.0,2.007083333333333,C-
1539,21,B,4,4,1,4,2,1,1,2,2,1,1,-2147483648,3,1,1,3,1,3,2.375,1.3333333333333333,2.0,1.9795833333333333,C-
1540,21,C,4,4,1,4,3,3,1,2,4,1,1,4,3,1,1,3,1,3,2.75,2.3333333333333335,2.0,2.3758333333333335,B-
1541,21,B+,4,4,1,4,4,4,2,1,4,1,1,4,3,1,1,3,1,3,3.0,2.3333333333333335,2.0,2.4733333333333336,B-
1558,21,A,2,4,1,2,4,2,1,4,4,2,2,4,4,3,2,4,1,3,2.5,3.1666666666666665,2.5,2.6666666666666665,B
1560,18,B+,2,3,1,4,2,4,4,2,3,1,1,2,3,3,1,3,1,3,2.75,2.1666666666666665,2.0,2.3341666666666665,B-
1568,22,B+,4,2,1,4,2,3,2,1,4,1,1,2,3,4,1,4,1,3,2.375,2.5,2.25,2.36125,B-
1582,17,B+,2,2,1,4,2,2,1,1,4,1,1,2,3,2,1,4,4,3,1.875,2.1666666666666665,3.0,2.3529166666666668,B-
1583,21,B-,2,4,1,4,3,2,1,1,4,1,1,2,3,4,1,3,1,3,2.25,2.5,2.0,2.2225,C
1587,22,C,4,2,4,4,1,4,1,1,4,1,4,4,3,1,1,2,1,3,2.625,2.8333333333333335,1.75,2.362083333333333,B-
1589,21,B-,3,4,1,4,3,3,2,1,2,1,1,2,3,3,1,3,4,3,2.625,2.0,2.75,2.51375,B
1590,21,B,2,4,2,4,2,2,3,1,2,1,2,2,3,3,1,4,1,3,2.5,2.1666666666666665,2.25,2.3266666666666667,B-
1597,21,B,4,4,1,4,4,3,2,4,3,1,1,2,3,2,1,4,4,3,3.25,2.0,3.0,2.8475,B+
1598,20,B+,2,2,1,4,4,4,2,1,4,1,2,4,4,4,1,4,1,3,2.5,3.1666666666666665,2.25,2.5766666666666667,B
1603,20,B+,4,2,4,2,1,1,1,1,2,1,4,2,3,3,4,2,1,3,2.0,2.5,2.5,2.3049999999999997,C
1604,20,B,4,4,1,4,1,1,1,1,2,1,1,2,3,1,1,4,1,3,2.125,1.6666666666666667,2.25,2.0554166666666664,C
1605,20,B+,4,4,2,4,3,4,2,2,4,1,3,2,4,2,2,4,4,3,3.125,2.6666666666666665,3.25,3.0554166666666664,A
1608,20,B+,4,2,1,4,2,2,4,1,2,1,2,4,3,4,2,4,1,3,2.5,2.6666666666666665,2.5,2.5416666666666665,B
1609,20,A,2,2,1,4,2,4,2,2,2,1,2,2,4,4,1,4,1,3,2.375,2.5,2.25,2.36125,B-
1611,20,B,2,2,1,4,4,4,1,1,4,1,1,2,3,1,1,3,1,3,2.375,2.0,2.0,2.14625,C
1612,20,B+,3,3,1,2,2,2,2,1,4,1,1,2,3,3,1,4,3,3,2.0,2.3333333333333335,2.75,2.3533333333333335,B-
1614,20,B-,4,4,1,4,2,3,4,2,3,1,1,4,3,3,1,3,1,3,3.0,2.5,2.0,2.5149999999999997,B
1615,20,B-,2,4,1,4,1,2,2,1,2,1,1,4,3,3,1,4,1,3,2.125,2.3333333333333335,2.25,2.2220833333333334,C
1616,20,B,3,4,1,4,2,2,4,1,4,1,1,2,3,2,1,2,4,3,2.625,2.1666666666666665,2.5,2.4654166666666666,B-
1617,20,B,4,4,1,4,1,1,1,1,3,1,1,2,3,1,1,4,1,3,2.125,1.8333333333333333,2.25,2.0970833333333334,C
1618,20,C,4,4,1,4,2,4,2,1,2,1,1,2,3,2,4,4,4,3,2.75,1.8333333333333333,3.75,2.8808333333333334,B+
1626,20,B,2,3,1,4,4,3,4,1,4,1,4,-2147483648,3,3,1,2,1,3,2.75,2.5,1.75,2.3275,B-
1701,12,A,4,4,1,4,2,4,4,1,4,2,2,4,3,3,4,2,1,3,3.0,3.0,2.5,2.82,B+
1702,1,B,4,2,1,4,2,3,3,1,3,4,4,4,4,1,1,4,1,3,2.5,3.3333333333333335,2.25,2.6183333333333336,B
1707,12,A+,2,4,1,4,2,2,2,2,3,4,3,4,4,2,2,4,4,3,2.375,3.3333333333333335,3.25,2.9295833333333334,B+
1708,11,B-,2,4,4,4,2,2,4,1,2,4,2,2,3,1,1,2,1,3,2.875,2.3333333333333335,1.75,2.3345833333333332,B-
1709,11,B+,3,2,4,4,3,4,4,1,4,4,4,2,3,1,4,2,1,3,3.125,3.0,2.5,2.86875,B+
1710,10,B+,4,4,4,2,4,4,2,2,4,2,4,2,4,4,1,2,1,3,3.25,3.3333333333333335,1.75,2.7308333333333334,B+
1711,11,A,2,3,2,4,4,4,3,1,3,4,4,2,4,4,2,4,1,3,2.875,3.5,2.5,2.89625,B+
1712,10,B+,4,4,1,4,2,2,4,2,2,4,1,4,4,3,4,4,1,3,2.875,3.0,3.0,2.95125,B+
1713,11,B,4,4,4,4,4,4,4,1,4,4,2,2,4,1,3,2,1,3,3.625,2.8333333333333335,2.25,2.9320833333333334,B+
1714,11,B,2,2,4,4,2,4,1,1,3,4,4,2,3,1,4,2,1,3,2.5,2.8333333333333335,2.5,2.5833333333333335,B
1717,10,A+,3,2,1,2,2,4,2,2,3,2,4,2,4,3,2,4,3,3,2.25,3.0,3.0,2.7075,B
1718,10,C,4,3,4,4,3,2,2,1,3,3,2,2,3,3,2,3,4,3,2.875,2.6666666666666665,3.0,2.867916666666667,B+
1720,12,A,2,2,4,4,3,3,2,2,3,4,4,4,3,3,4,4,4,3,2.75,3.5,3.75,3.2975,A+
1721,10,B,2,4,4,4,4,2,4,1,4,4,4,4,3,4,4,2,1,3,3.125,3.8333333333333335,2.5,3.0770833333333334,A
1722,10,B+,4,4,2,4,3,4,2,1,4,2,3,2,4,3,2,4,3,3,3.0,3.0,3.0,3.0,A
1723,11,A,4,4,1,2,2,2,4,4,3,4,4,2,4,1,4,4,1,3,2.875,3.0,3.0,2.95125,B+
1725,11,B+,2,2,1,4,4,2,1,1,3,4,4,2,3,1,4,2,1,3,2.125,2.8333333333333335,2.5,2.4370833333333333,B-
1726,11,B,2,2,1,4,1,2,1,1,4,2,2,-2147483648,3,4,2,2,1,3,1.75,2.5,2.0,2.0275,C
1727,11,B+,4,4,1,4,4,2,3,1,4,2,4,4,3,2,4,4,4,3,2.875,3.1666666666666665,3.75,3.2629166666666665,A+
1730,11,A,2,2,1,4,2,4,4,2,3,4,3,4,3,1,4,3,1,3,2.625,3.0,2.75,2.76375,B+
1731,12,B-,2,2,1,2,2,2,1,1,4,1,1,4,3,2,1,4,4,3,1.625,2.5,3.0,2.33875,B-
1732,11,B,2,4,1,4,3,4,3,4,3,1,4,2,3,2,3,4,4,3,3.125,2.5,3.5,3.10375,A
1733,25,A,2,4,1,4,3,4,1,1,3,2,2,2,3,2,2,4,4,3,2.5,2.3333333333333335,3.25,2.7283333333333335,B+
1734,12,B+,2,2,1,4,2,2,1,1,3,1,4,-2147483648,3,4,1,2,1,3,1.875,2.5,1.75,1.98625,C-
1735,10,B+,4,2,1,4,2,4,3,1,4,2,2,4,3,4,2,4,1,3,2.625,3.1666666666666665,2.5,2.7154166666666666,B
1736,20,B,4,4,1,4,2,2,1,1,4,1,1,4,3,4,1,4,1,3,2.375,2.8333333333333335,2.25,2.4445833333333336,B-
1737,1,A,4,4,1,4,2,4,2,1,4,4,4,4,4,4,1,4,1,3,2.75,4.0,2.25,2.8825,B+
1752,12,B,4,4,1,4,2,4,3,2,4,1,1,4,3,3,1,4,4,3,3.0,2.6666666666666665,3.0,2.9166666666666665,B+
1760,12,A,2,2,4,2,2,2,2,2,4,1,1,4,3,3,1,4,4,3,2.25,2.6666666666666665,3.0,2.6241666666666665,B
1762,12,A,2,2,4,4,2,2,3,1,4,1,2,4,3,1,2,4,1,3,2.5,2.5,2.5,2.5,B-
1773,11,A,3,2,1,2,2,2,1,2,3,4,4,2,3,3,2,2,1,3,1.875,3.1666666666666665,2.0,2.242916666666667,C
1776,10,B,2,2,2,4,4,4,2,2,2,1,2,-2147483648,3,3,2,4,1,3,2.75,1.8333333333333333,2.5,2.430833333333333,B-
1783,25,B,3,2,1,4,2,4,1,2,4,1,1,4,3,1,1,4,1,3,2.375,2.3333333333333335,2.25,2.3195833333333336,B-
1786,25,B,4,4,1,4,4,3,1,1,3,4,4,4,3,1,1,2,1,3,2.75,3.1666666666666665,1.75,2.4941666666666666,B-
1789,12,B,4,3,1,4,2,3,2,1,2,2,2,2,4,3,2,4,1,3,2.5,2.5,2.5,2.5,B-
1795,12,B+,2,2,4,4,3,4,2,1,4,2,4,2,3,3,4,2,1,3,2.75,3.0,2.5,2.7225,B+
1802,14,A,4,4,1,4,3,3,1,1,2,1,2,4,4,3,2,3,1,3,2.625,2.6666666666666665,2.25,2.5004166666666667,B-
1806,14,B,4,4,1,4,3,2,1,1,4,1,1,2,3,3,1,4,3,3,2.5,2.3333333333333335,2.75,2.548333333333334,B
1809,14,B-,2,2,1,4,2,4,2,1,4,1,1,2,3,2,1,2,4,3,2.25,2.1666666666666665,2.5,2.319166666666667,B-
1810,14,B+,4,4,1,4,1,3,4,1,2,1,1,-2147483648,3,4,1,2,1,3,2.75,1.8333333333333333,1.75,2.160833333333333,C
1817,14,B,2,2,1,4,2,2,4,1,4,1,4,2,3,1,4,3,1,3,2.25,2.5,2.75,2.4924999999999997,B-
1903,7,C,4,4,1,4,1,1,1,1,4,1,1,-2147483648,3,1,1,3,1,3,2.125,1.6666666666666667,2.0,1.9654166666666666,C-
1904,7,B+,4,2,4,4,3,2,2,4,3,4,4,4,4,2,4,3,4,3,3.125,3.5,3.5,3.35375,A+
1905,7,B+,4,4,4,4,3,3,1,2,4,2,3,2,4,3,2,3,1,3,3.125,3.0,2.25,2.77875,B+
1906,7,B-,2,2,4,2,1,1,1,1,4,4,4,4,3,1,4,2,1,3,1.75,3.3333333333333335,2.5,2.4158333333333335,B-
1907,7,B+,4,4,2,4,4,4,2,2,4,4,4,4,4,3,3,2,1,3,3.25,3.8333333333333335,2.25,3.0358333333333336,A
1909,7,B+,3,4,2,4,3,2,2,2,4,4,2,4,4,4,2,4,1,3,2.75,3.6666666666666665,2.5,2.8891666666666667,B+
2002,16,B+,4,4,2,4,4,3,4,4,4,2,2,4,4,4,2,4,1,3,3.625,3.3333333333333335,2.5,3.1470833333333332,A+
2006,16,A+,4,2,4,4,4,4,4,4,3,2,3,2,4,3,2,4,1,3,3.75,2.8333333333333335,2.5,3.0708333333333333,A
2007,16,B+,4,4,1,4,4,2,2,1,4,4,4,2,4,3,3,2,1,3,2.75,3.5,2.25,2.7575,B+
2008,16,B-,4,4,4,4,2,2,3,2,3,4,4,2,3,3,4,2,1,3,3.125,3.1666666666666665,2.5,2.9104166666666664,B+
2009,16,B-,4,4,4,4,3,3,2,2,3,4,4,4,3,2,4,2,4,3,3.25,3.3333333333333335,3.25,3.2708333333333335,A+
2010,16,A,2,2,4,4,2,3,3,1,4,2,2,4,3,3,3,2,3,3,2.625,3.0,2.75,2.76375,B+
2012,16,A,2,2,4,2,3,2,4,2,4,4,4,2,3,3,4,2,1,3,2.625,3.3333333333333335,2.5,2.757083333333333,B+
2013,16,A+,3,4,2,4,2,3,1,1,4,4,3,4,3,1,4,2,1,3,2.5,3.1666666666666665,2.5,2.6666666666666665,B
2014,16,A,2,4,2,4,4,4,3,2,2,2,2,2,4,3,2,4,3,3,3.125,2.5,3.0,2.92375,B+
2015,16,B+,4,4,2,4,4,4,2,2,3,3,3,2,3,4,3,4,1,3,3.25,3.0,2.75,3.0075000000000003,A
2017,16,B,4,4,2,4,4,2,2,1,4,2,3,2,3,3,2,3,3,3,2.875,2.8333333333333335,2.75,2.819583333333333,B+
2020,16,C,4,2,1,4,2,4,1,1,4,1,1,2,3,3,1,4,3,3,2.375,2.3333333333333335,2.75,2.4995833333333337,B-
2022,16,B+,2,2,1,2,2,3,2,2,3,1,1,2,3,4,1,4,1,3,2.0,2.3333333333333335,2.25,2.1733333333333333,C
2023,16,A,4,4,2,4,4,4,2,1,3,2,4,2,4,2,2,4,4,3,3.125,2.8333333333333335,3.25,3.0970833333333334,A
2024,16,C,4,4,1,4,2,2,2,1,2,1,1,-2147483648,3,2,1,3,4,3,2.5,1.5,2.75,2.34,B-
2025,16,C-,4,2,4,4,4,4,1,1,4,4,4,2,3,1,4,2,1,3,3.0,3.0,2.5,2.82,B+
2027,16,B,2,2,2,4,3,2,4,4,4,4,4,2,3,3,1,3,3,3,2.875,3.3333333333333335,2.5,2.8545833333333333,B+
2028,16,B-,4,4,1,4,3,2,1,1,2,1,4,2,3,3,1,3,4,3,2.5,2.5,2.75,2.59,B
2029,16,A,2,2,2,4,4,4,2,2,4,1,1,4,3,2,1,3,4,3,2.75,2.5,2.75,2.6875,B
2030,16,B-,2,2,1,4,2,2,4,1,3,2,2,4,3,2,1,3,4,3,2.25,2.6666666666666665,2.75,2.5341666666666667,B
2031,16,B+,2,2,1,4,2,4,4,2,4,1,2,-2147483648,4,3,1,2,4,3,2.625,2.3333333333333335,2.5,2.507083333333333,B
2032,16,C,4,4,4,4,2,1,1,2,3,4,4,2,3,3,4,2,4,3,2.75,3.1666666666666665,3.25,3.0341666666666667,A
2033,16,C-,4,2,1,2,2,2,2,2,3,1,1,2,3,1,1,3,1,3,2.125,1.8333333333333333,2.0,2.007083333333333,C-
2034,16,B,4,2,1,4,4,2,3,4,4,1,1,2,3,4,1,4,1,3,3.0,2.5,2.25,2.605,B
2038,16,C,4,4,4,2,3,2,2,1,4,4,4,4,3,2,4,2,4,3,2.75,3.5,3.25,3.1174999999999997,A
2049,21,A+,2,2,1,4,3,4,2,4,3,2,2,2,4,3,2,4,1,3,2.75,2.6666666666666665,2.5,2.6391666666666667,B
2059,17,A,2,2,3,4,4,3,3,1,4,2,3,2,3,4,2,2,1,3,2.75,3.0,2.0,2.5425,B
2062,24,A+,2,2,1,4,4,4,2,1,3,3,4,4,3,3,2,3,4,3,2.5,3.3333333333333335,3.0,2.8883333333333336,B+
2069,16,B-,4,4,1,2,2,3,1,2,4,1,4,2,3,3,4,4,3,3,2.375,2.8333333333333335,3.5,2.8945833333333333,B+
2101,13,A,2,2,4,4,3,4,4,1,4,1,4,4,4,2,4,2,4,3,3.0,3.1666666666666665,3.25,3.1316666666666664,A+
2102,13,C,2,4,4,4,2,2,4,1,2,4,4,2,3,3,4,2,1,3,2.875,3.0,2.5,2.77125,B+
2103,10,B+,4,4,2,4,2,4,2,2,3,4,3,2,4,3,1,2,4,3,3.0,3.1666666666666665,2.5,2.8616666666666664,B+
2104,10,B+,4,4,3,4,3,2,3,1,3,4,4,4,4,3,1,3,3,3,3.0,3.6666666666666665,2.5,2.9866666666666664,A
2105,13,A,4,2,1,4,2,4,4,1,4,2,2,4,3,3,1,4,1,3,2.75,3.0,2.25,2.6325,B
2106,13,A+,4,2,2,4,2,4,2,2,4,2,3,4,3,3,4,4,3,3,2.75,3.1666666666666665,3.5,3.1241666666666665,A+
2107,13,B-,3,4,1,4,2,2,2,1,2,1,1,2,3,2,1,4,4,3,2.375,1.8333333333333333,3.0,2.4645833333333336,B-
2108,10,B+,2,2,1,4,4,2,2,2,3,2,2,2,3,1,2,4,1,3,2.375,2.1666666666666665,2.5,2.3679166666666664,B-
2109,13,C-,4,2,1,4,1,2,2,1,4,1,1,-2147483648,3,2,1,2,4,3,2.125,1.8333333333333333,2.5,2.1870833333333333,C
2114,13,B+,4,4,1,2,2,2,4,4,4,4,4,2,3,4,4,2,1,3,2.875,3.5,2.5,2.89625,B+
2115,22,B,4,4,1,4,1,1,1,1,4,1,4,2,3,1,1,2,1,3,2.125,2.5,1.75,2.0837499999999998,C
2201,22,A+,2,2,1,4,2,4,2,2,4,3,3,2,3,2,2,4,4,3,2.375,2.8333333333333335,3.25,2.8045833333333334,B+
2204,22,A,4,4,2,2,3,3,2,4,4,4,4,4,4,2,4,4,4,3,3.0,3.6666666666666665,3.75,3.4366666666666665,A+
2206,23,B+,2,2,1,2,3,4,4,2,3,3,3,-2147483648,3,4,4,2,1,3,2.5,2.6666666666666665,2.5,2.5416666666666665,B
2208,23,A,2,3,1,4,2,2,4,1,3,2,2,4,3,4,2,4,1,3,2.375,3.0,2.5,2.57625,B
2211,16,B+,4,4,1,4,3,3,4,2,4,1,1,2,3,3,1,3,4,3,3.125,2.3333333333333335,2.75,2.7920833333333333,B+
2228,22,B-,4,2,1,4,2,2,4,2,4,1,1,4,3,2,1,4,4,3,2.625,2.5,3.0,2.72875,B+
2231,22,B,4,2,1,4,2,2,1,1,3,1,1,2,3,4,1,3,1,3,2.125,2.3333333333333335,2.0,2.132083333333333,C
2233,22,B,4,2,1,4,2,3,1,2,3,1,1,2,3,4,1,4,1,3,2.375,2.3333333333333335,2.25,2.3195833333333336,B-
2236,22,C,4,2,1,4,1,4,1,1,3,1,1,2,3,4,1,3,1,3,2.25,2.3333333333333335,2.0,2.180833333333333,C
2239,22,B-,4,2,1,4,1,1,1,1,2,1,1,2,3,1,1,4,1,3,1.875,1.6666666666666667,2.25,1.9579166666666667,C-
2241,22,B+,4,2,1,4,4,4,1,1,4,1,1,4,3,3,1,3,4,3,2.625,2.6666666666666665,2.75,2.680416666666667,B
2243,21,C-,4,2,1,4,1,1,1,1,4,1,1,2,3,1,1,3,1,3,1.875,2.0,2.0,1.9512500000000002,C-
2250,22,C,4,2,1,4,1,1,1,1,2,1,1,2,3,1,1,3,1,3,1.875,1.6666666666666667,2.0,1.8679166666666667,C-
2301,19,A+,2,2,2,4,4,4,2,4,4,2,2,2,4,3,2,4,3,3,3.0,2.8333333333333335,3.0,2.9583333333333335,A
2302,18,B-,2,4,1,4,4,2,4,1,4,1,1,2,3,1,1,3,1,3,2.75,2.0,2.0,2.2925,C
2303,18,A+,4,4,2,4,2,2,3,4,2,4,4,2,4,3,3,3,4,3,3.125,3.1666666666666665,3.25,3.1804166666666664,A+
2305,19,B,4,4,1,4,2,4,2,1,2,1,1,2,3,1,1,4,1,3,2.75,1.6666666666666667,2.25,2.299166666666667,C
2308,18,A+,2,2,4,2,2,4,3,2,3,2,1,4,4,3,3,3,1,3,2.625,2.8333333333333335,2.5,2.632083333333333,B
2312,19,A,4,3,1,2,2,2,2,2,4,1,2,4,3,3,1,4,3,3,2.25,2.8333333333333335,2.75,2.5758333333333336,B
2313,18,B+,4,4,1,4,2,4,2,2,4,4,2,-2147483648,4,2,4,2,4,3,2.875,2.6666666666666665,3.25,2.9579166666666667,A
2314,19,B+,4,2,1,4,2,2,4,1,2,1,4,2,3,2,4,4,4,3,2.5,2.3333333333333335,3.75,2.908333333333333,B+
2316,18,B,2,2,4,4,4,4,1,1,3,4,4,2,3,3,4,3,3,3,2.75,3.1666666666666665,3.25,3.0341666666666667,A
2317,19,B+,2,4,1,4,3,2,4,4,4,2,1,4,4,3,4,3,4,3,3.0,3.0,3.5,3.1799999999999997,A+
2323,19,B,4,4,4,4,1,4,4,1,3,3,2,4,3,3,2,2,4,3,3.25,3.0,2.75,3.0075000000000003,A
2324,19,A,2,2,1,4,3,4,3,4,4,2,1,-2147483648,4,3,1,4,3,3,2.875,2.3333333333333335,2.75,2.694583333333333,B
2327,18,B+,2,2,2,2,4,4,2,2,3,3,3,2,4,3,3,3,1,3,2.5,3.0,2.5,2.625,B
2328,18,B-,4,4,1,4,4,4,1,1,2,4,4,4,3,1,1,2,1,3,2.875,3.0,1.75,2.50125,B-
2329,18,B+,4,4,4,4,4,4,2,4,4,4,4,2,3,4,4,2,1,3,3.75,3.5,2.5,3.2375000000000003,A+
2330,18,A+,3,4,2,4,3,2,3,2,2,2,2,4,4,3,2,4,1,3,2.875,2.8333333333333335,2.5,2.7295833333333333,B+
2331,19,B+,2,2,4,4,4,4,2,2,4,1,2,-2147483648,3,3,3,3,1,3,3.0,2.1666666666666665,2.5,2.6116666666666664,B
2337,18,A+,4,4,4,4,3,3,2,4,2,1,4,2,4,2,4,4,4,3,3.5,2.5,3.75,3.34,A+
2338,18,B+,4,4,1,4,2,2,1,1,3,4,4,2,3,2,1,2,4,3,2.375,3.0,2.5,2.57625,B
2340,18,B+,4,4,4,4,4,4,4,4,4,1,2,2,3,4,1,2,1,3,4.0,2.6666666666666665,1.75,2.8566666666666665,B+
2342,18,B,4,4,1,2,3,2,2,1,2,1,1,2,3,3,1,4,4,3,2.375,2.0,3.0,2.50625,B-
2344,18,A,2,3,3,4,2,2,1,2,3,1,3,4,4,2,1,4,4,3,2.375,2.8333333333333335,3.0,2.7145833333333336,B
2349,19,B,4,4,1,4,4,2,1,1,4,2,4,2,3,4,4,2,1,3,2.625,3.1666666666666665,2.5,2.7154166666666666,B
2351,18,A,4,4,1,4,3,2,1,4,3,1,2,4,4,3,1,4,4,3,2.875,2.8333333333333335,3.0,2.9095833333333334,B+
2352,19,A+,2,2,1,4,2,4,2,2,2,2,3,2,4,1,2,4,1,3,2.375,2.3333333333333335,2.5,2.4095833333333334,B-
2353,19,A+,2,2,1,4,4,3,3,2,3,2,2,-2147483648,4,2,2,3,4,3,2.625,2.1666666666666665,3.0,2.6454166666666667,B
2354,19,A+,4,2,1,4,2,2,2,1,3,4,4,4,4,1,3,2,1,3,2.25,3.3333333333333335,2.25,2.5208333333333335,B
2355,18,B-,4,4,4,4,4,4,3,2,4,4,4,2,3,3,4,2,3,3,3.625,3.3333333333333335,3.0,3.3270833333333334,A+
2356,19,A+,2,4,2,4,3,3,3,2,4,1,2,2,4,3,2,4,4,3,2.875,2.6666666666666665,3.25,2.9579166666666667,A
2357,19,A+,2,2,1,4,2,2,2,2,3,2,2,2,4,4,1,4,1,3,2.125,2.8333333333333335,2.25,2.3470833333333334,B-
2358,16,C,4,4,1,4,1,2,1,1,3,1,4,4,3,3,4,2,1,3,2.25,3.0,2.5,2.5275,B
2360,21,A+,2,2,1,4,4,2,2,4,2,1,1,4,4,4,1,4,1,3,2.625,2.6666666666666665,2.25,2.5004166666666667,B-
2362,19,B+,4,4,1,4,4,2,2,1,4,1,2,2,4,3,1,4,1,3,2.75,2.6666666666666665,2.25,2.549166666666667,B
2363,18,B-,4,4,1,4,1,4,1,1,3,1,1,2,3,4,4,2,1,3,2.5,2.3333333333333335,2.5,2.4583333333333335,B-
2364,19,B,4,4,1,4,3,4,1,1,3,1,4,2,3,1,1,2,1,3,2.75,2.3333333333333335,1.75,2.285833333333333,C
2365,19,B,2,2,1,4,2,4,4,1,4,1,1,-2147483648,3,1,1,3,1,3,2.5,1.6666666666666667,2.0,2.111666666666667,C
2367,18,B+,4,4,2,4,2,2,1,2,4,1,1,-2147483648,4,3,1,4,1,3,2.625,2.1666666666666665,2.25,2.3754166666666667,B-
2368,18,B+,4,4,2,4,4,2,4,4,4,2,2,2,3,3,2,4,1,3,3.5,2.6666666666666665,2.5,2.9316666666666666,B+
2369,18,B,4,4,2,4,3,2,2,4,4,2,1,2,3,1,1,2,1,3,3.125,2.1666666666666665,1.75,2.3904166666666664,B-
2371,20,B+,2,2,4,4,2,2,2,1,2,2,2,-2147483648,4,3,2,2,3,3,2.375,2.1666666666666665,2.5,2.3679166666666664,B-
2374,19,B,2,4,1,2,3,2,3,1,4,4,4,2,3,1,4,2,1,3,2.25,3.0,2.5,2.5275,B
2375,18,B-,2,2,1,4,3,4,1,1,4,1,1,-2147483648,3,1,1,3,1,3,2.25,1.6666666666666667,2.0,2.0141666666666667,C-
2376,19,A+,4,2,1,4,4,4,3,2,2,1,2,2,3,3,1,4,4,3,3.0,2.1666666666666665,3.0,2.7916666666666665,B+
2377,19,A+,2,2,2,4,2,4,2,2,2,1,2,2,4,4,1,4,1,3,2.5,2.5,2.25,2.41,B-
2379,18,A,4,2,1,2,2,4,4,1,4,1,4,2,4,1,3,4,1,3,2.5,2.6666666666666665,2.75,2.631666666666667,B
2380,19,B,4,4,4,4,4,4,2,1,4,1,4,4,3,3,1,2,1,3,3.375,3.1666666666666665,1.75,2.7379166666666666,B+
2382,19,A,4,4,1,4,3,2,1,2,4,3,4,4,4,3,1,3,1,3,2.625,3.6666666666666665,2.0,2.6604166666666664,B
2383,18,A,4,2,1,4,2,2,1,4,4,1,1,4,4,2,1,4,4,3,2.5,2.6666666666666665,3.0,2.7216666666666667,B+
2385,19,A+,2,4,1,4,3,4,4,4,3,2,1,2,4,3,4,3,4,3,3.25,2.5,3.5,3.1525,A+
2387,19,B+,4,4,1,4,1,4,1,1,4,1,1,-2147483648,3,1,1,3,1,3,2.5,1.6666666666666667,2.0,2.111666666666667,C
2388,18,B+,4,4,4,4,1,4,1,2,3,4,1,2,3,3,4,2,4,3,3.0,2.6666666666666665,3.25,3.0066666666666664,A
2390,19,B-,4,4,1,4,1,4,1,1,4,1,1,4,3,1,1,3,1,3,2.5,2.3333333333333335,2.0,2.2783333333333333,C
2392,18,B+,4,4,2,4,4,4,2,2,4,2,2,4,3,2,2,2,4,3,3.25,2.8333333333333335,2.75,2.9658333333333333,A
2393,18,B+,2,2,2,4,3,4,1,1,4,1,2,2,4,3,1,4,4,3,2.375,2.6666666666666665,3.0,2.6729166666666666,B
2395,19,A+,2,2,4,4,3,4,4,2,2,1,1,4,4,4,1,4,1,3,3.125,2.6666666666666665,2.25,2.6954166666666666,B
2397,19,B+,3,4,4,4,4,2,1,2,2,1,4,2,3,2,1,2,4,3,3.0,2.3333333333333335,2.5,2.6533333333333333,B
2399,19,C,4,4,1,4,1,4,1,1,2,1,1,2,3,1,1,2,1,3,2.5,1.6666666666666667,1.75,2.021666666666667,C-
2401,18,B+,4,4,1,4,4,2,4,1,3,2,2,2,3,1,1,3,1,3,3.0,2.1666666666666665,2.0,2.4316666666666666,B-
2402,18,B-,4,4,1,4,2,4,2,2,4,1,1,2,3,3,1,3,1,3,2.875,2.3333333333333335,2.0,2.4245833333333335,B-
2405,19,B-,4,4,1,4,2,4,1,1,3,1,1,-2147483648,3,4,1,4,1,3,2.625,2.0,2.25,2.3337499999999998,B-
2406,18,B+,4,4,1,4,3,2,1,1,4,4,1,4,3,2,4,4,4,3,2.5,3.0,3.75,3.075,A
2408,18,A+,4,4,1,4,3,2,3,4,2,2,2,-2147483648,4,1,1,4,1,3,3.125,1.8333333333333333,2.25,2.487083333333333,B-
2409,18,A,4,4,1,4,4,4,1,4,3,2,2,2,4,3,2,4,1,3,3.25,2.6666666666666665,2.5,2.8341666666666665,B+
2413,18,B,2,2,4,4,2,2,1,2,4,4,4,4,3,4,4,2,1,3,2.375,3.8333333333333335,2.5,2.7845833333333334,B+
2415,19,B,4,4,1,4,2,2,2,2,3,1,1,4,3,1,1,2,1,3,2.625,2.1666666666666665,1.75,2.1954166666666666,C
2417,18,B+,4,4,1,4,2,4,1,2,4,2,2,2,4,1,2,3,1,3,2.75,2.5,2.25,2.5075,B
2420,18,B,4,4,1,4,3,4,2,1,4,4,4,2,3,4,4,2,1,3,2.875,3.5,2.5,2.89625,B+
2421,18,B+,4,4,1,4,2,2,2,2,3,4,4,2,3,4,4,2,1,3,2.625,3.3333333333333335,2.5,2.757083333333333,B+
2423,18,A,2,2,1,4,4,2,1,1,2,3,4,2,3,1,3,2,1,3,2.125,2.5,2.25,2.26375,C
2425,18,B-,4,4,1,4,1,4,1,1,4,1,1,-2147483648,3,1,4,3,1,3,2.5,1.6666666666666667,2.75,2.381666666666667,B-
2426,18,B,4,4,1,4,4,2,2,4,3,1,1,2,3,3,1,4,3,3,3.125,2.1666666666666665,2.75,2.7504166666666663,B+
2428,18,B+,2,2,2,4,2,4,4,2,4,1,1,2,3,4,1,4,1,3,2.75,2.5,2.25,2.5075,B
2429,18,C-,4,4,1,4,2,2,4,1,4,1,1,-2147483648,3,4,1,2,1,3,2.75,2.1666666666666665,1.75,2.2441666666666666,C
2431,18,B-,4,4,1,4,1,1,1,1,4,1,1,4,3,1,1,3,1,3,2.125,2.3333333333333335,2.0,2.132083333333333,C
2434,18,B-,4,2,1,4,1,4,2,1,4,1,1,2,3,1,1,3,1,3,2.375,2.0,2.0,2.14625,C
2436,18,B,2,2,1,4,2,4,1,1,2,1,1,-2147483648,3,2,1,4,4,3,2.125,1.5,3.0,2.28375,C
2438,18,B-,2,2,1,4,4,1,4,4,4,1,1,2,3,1,1,2,1,3,2.75,2.0,1.75,2.2025,C
2439,19,A,2,2,1,4,2,2,2,2,4,2,2,2,4,2,1,4,4,3,2.125,2.6666666666666665,3.0,2.5754166666666665,B
2440,18,C,4,4,1,4,4,4,1,4,4,1,1,2,3,4,1,2,1,3,3.25,2.5,1.75,2.5225,B
2441,18,B+,4,4,1,4,2,2,2,2,2,1,1,4,3,2,1,4,4,3,2.625,2.1666666666666665,3.0,2.6454166666666667,B
2443,25,C,3,2,1,4,1,2,4,1,2,1,1,4,3,1,1,3,1,3,2.25,2.0,2.0,2.0975,C
2449,18,A,4,4,2,4,2,2,2,2,2,2,4,4,3,2,4,2,4,3,2.75,2.8333333333333335,3.25,2.950833333333333,B+
2451,18,A,2,4,1,4,2,2,2,1,3,1,1,-2147483648,3,4,1,4,1,3,2.25,2.0,2.25,2.1875,C
2454,18,A,4,4,1,4,2,2,4,1,3,1,4,-2147483648,4,4,2,4,1,3,2.75,2.6666666666666665,2.5,2.6391666666666667,B
2455,18,B-,4,4,1,4,4,4,2,1,2,4,4,2,3,4,4,2,1,3,3.0,3.1666666666666665,2.5,2.8616666666666664,B+
2457,18,A+,4,4,1,2,4,2,4,2,4,1,2,-2147483648,4,2,3,2,4,3,2.875,2.1666666666666665,3.0,2.742916666666667,B+
2458,18,B+,2,2,1,4,2,4,2,2,4,1,2,2,4,1,1,4,1,3,2.375,2.3333333333333335,2.25,2.3195833333333336,B-
2460,18,B-,4,4,1,4,4,4,4,1,3,1,4,-2147483648,3,4,1,2,1,3,3.25,2.5,1.75,2.5225,B
2461,15,C,4,4,1,4,2,4,2,1,2,1,1,2,3,2,1,4,4,3,2.75,1.8333333333333333,3.0,2.6108333333333333,B
2462,18,B-,4,4,1,4,1,4,1,1,4,1,1,2,3,2,1,2,4,3,2.5,2.1666666666666665,2.5,2.4166666666666665,B-
2465,18,B,2,2,1,4,1,4,1,1,2,1,1,2,3,3,1,2,1,3,2.0,2.0,1.75,1.9100000000000001,C-
2466,18,B-,4,2,1,4,1,2,1,1,4,1,1,4,3,3,1,2,1,3,2.0,2.6666666666666665,1.75,2.0766666666666667,C
2467,21,B,4,4,1,4,2,2,1,2,4,1,1,2,3,3,1,3,1,3,2.5,2.3333333333333335,2.0,2.2783333333333333,C
2472,18,B-,4,4,1,4,4,2,1,4,4,1,1,-2147483648,3,4,1,2,1,3,3.0,2.1666666666666665,1.75,2.3416666666666663,B-
2474,19,B+,4,4,1,4,2,2,2,2,4,2,1,4,3,3,1,3,1,3,2.625,2.8333333333333335,2.0,2.4520833333333334,B-
2476,17,B-,4,4,1,4,4,4,4,1,3,1,1,2,3,3,1,2,3,3,3.25,2.1666666666666665,2.25,2.6191666666666666,B
2477,19,B-,2,4,4,4,4,2,2,4,3,4,1,-2147483648,3,3,1,2,1,3,3.25,2.3333333333333335,1.75,2.4808333333333334,B-
2478,18,B,3,4,1,4,2,2,4,2,4,1,1,-2147483648,3,2,1,2,4,3,2.75,1.8333333333333333,2.5,2.430833333333333,B-
2481,18,B-,2,2,1,4,2,4,2,2,3,1,1,2,3,2,1,4,4,3,2.375,2.0,3.0,2.50625,B-
2482,19,B,4,4,1,4,1,2,1,1,4,4,4,2,3,4,4,2,1,3,2.25,3.5,2.5,2.6525,B
2483,17,B-,4,4,1,4,4,2,4,1,4,1,1,2,3,2,1,2,4,3,3.0,2.1666666666666665,2.5,2.6116666666666664,B
2484,18,B+,4,2,1,4,4,4,2,1,3,2,2,4,3,4,2,3,1,3,2.75,3.0,2.25,2.6325,B
2485,19,C,4,4,1,4,2,2,1,1,2,1,1,2,3,3,1,2,1,3,2.375,2.0,1.75,2.05625,C
2486,18,C,4,4,1,4,2,4,1,2,4,4,4,2,3,2,4,2,4,3,2.75,3.1666666666666665,3.25,3.0341666666666667,A
2488,19,B,2,2,1,4,4,2,4,1,4,1,1,-2147483648,3,2,1,4,4,3,2.5,1.8333333333333333,3.0,2.5133333333333336,B
2489,19,B,2,2,1,4,2,2,2,1,4,1,2,2,3,2,1,4,4,3,2.0,2.3333333333333335,3.0,2.4433333333333334,B-
2491,20,B-,4,4,1,4,4,4,4,4,4,4,4,-2147483648,3,4,4,2,1,3,3.625,3.1666666666666665,2.5,3.1054166666666667,A
2492,18,B,4,4,2,4,2,4,2,2,3,4,4,4,4,2,4,4,4,3,3.0,3.5,3.75,3.3949999999999996,A+
2493,21,C-,4,4,1,4,1,4,1,1,2,1,1,4,3,1,1,2,1,3,2.5,2.0,1.75,2.105,C
2495,19,B-,2,2,1,2,2,4,1,1,4,1,4,4,3,1,1,2,1,3,1.875,2.8333333333333335,1.75,2.0695833333333336,C
2497,22,B+,2,2,1,4,4,2,4,4,2,1,1,4,3,4,1,2,1,3,2.875,2.5,1.75,2.37625,B-
2504,14,B+,4,4,1,4,2,2,1,1,4,4,4,4,3,2,4,2,4,3,2.375,3.5,3.25,2.97125,A
2630,23,B+,3,2,1,2,4,2,3,1,4,1,1,2,3,3,1,4,4,3,2.25,2.3333333333333335,3.0,2.5408333333333335,B
2634,23,A,2,4,1,4,2,2,4,2,4,3,4,2,4,3,1,3,4,3,2.625,3.3333333333333335,2.75,2.847083333333333,B+
3002,18,B,4,2,1,4,4,4,2,1,2,1,1,2,3,4,1,4,1,3,2.75,2.1666666666666665,2.25,2.424166666666667,B-
3003,18,B,2,2,1,4,3,4,4,1,4,2,2,2,3,3,2,3,3,3,2.625,2.6666666666666665,2.75,2.680416666666667,B
3004,23,B+,3,3,1,4,4,2,4,4,3,1,1,-2147483648,3,4,1,3,1,3,3.125,2.0,2.0,2.4387499999999998,B-
3005,19,B+,2,4,2,4,2,2,2,2,3,1,2,2,4,2,2,4,4,3,2.5,2.3333333333333335,3.25,2.7283333333333335,B+
3006,18,B+,2,2,1,4,2,4,1,1,4,2,1,2,3,4,1,4,1,3,2.125,2.6666666666666665,2.25,2.3054166666666664,C
3008,19,A,4,2,1,4,4,2,2,1,4,4,4,-2147483648,4,2,4,4,4,3,2.5,3.0,3.75,3.075,A
3011,18,B-,4,2,4,4,4,4,1,1,3,4,4,4,3,4,4,2,1,3,3.0,3.6666666666666665,2.5,2.9866666666666664,A
3013,19,B,4,4,2,4,2,4,1,1,4,3,1,4,3,2,2,3,4,3,2.75,2.8333333333333335,3.0,2.8608333333333333,B+
3014,18,B-,4,4,1,4,4,4,4,4,3,4,1,2,3,4,1,2,1,3,3.625,2.8333333333333335,1.75,2.752083333333333,B+
3015,18,A,4,4,1,4,4,4,2,2,3,3,3,2,3,3,3,4,3,3,3.125,2.8333333333333335,3.25,3.0970833333333334,A
3016,18,B-,2,2,1,4,4,2,4,1,2,1,1,-2147483648,3,4,1,4,1,3,2.5,1.8333333333333333,2.25,2.243333333333333,C
3017,18,A,2,2,4,4,2,2,2,2,3,4,1,2,3,2,4,4,4,3,2.5,2.5,3.75,2.95,B+
3019,19,B+,4,4,1,4,2,2,1,2,4,4,4,-2147483648,3,1,4,2,1,3,2.5,2.6666666666666665,2.5,2.5416666666666665,B
3021,18,B+,2,2,1,4,2,4,1,1,4,1,1,-2147483648,3,1,1,4,1,3,2.125,1.6666666666666667,2.25,2.0554166666666664,C
3022,19,B+,2,4,4,4,4,4,1,4,3,4,4,4,3,4,4,2,1,3,3.375,3.6666666666666665,2.5,3.1329166666666666,A+
3023,18,B+,2,2,1,2,2,4,1,2,3,1,1,4,4,2,1,4,4,3,2.0,2.5,3.0,2.4850000000000003,B-
3024,20,B,4,4,1,4,1,2,1,1,2,4,4,4,3,1,4,2,1,3,2.25,3.0,2.5,2.5275,B
3026,18,B,4,2,1,2,2,2,2,1,2,2,2,4,3,2,2,4,4,3,2.0,2.5,3.25,2.575,B
3027,18,C,4,4,1,4,2,1,1,1,3,1,1,2,3,4,1,2,1,3,2.25,2.3333333333333335,1.75,2.0908333333333333,C
3030,21,B-,2,4,1,4,1,2,4,1,4,4,4,2,3,2,4,4,4,3,2.375,3.1666666666666665,3.75,3.067916666666666,A
3031,18,B,4,4,1,4,1,4,1,1,2,1,1,-2147483648,3,1,1,4,1,3,2.5,1.3333333333333333,2.25,2.118333333333333,C
3032,19,C,4,4,1,4,4,1,1,1,4,1,1,2,3,4,1,2,1,3,2.5,2.5,1.75,2.23,C
3034,18,A,2,2,1,4,2,2,1,2,3,2,1,4,4,1,1,4,1,3,2.0,2.5,2.25,2.215,C
3035,18,A,2,2,1,4,4,2,1,4,3,1,2,-2147483648,4,1,1,4,1,3,2.5,1.8333333333333333,2.25,2.243333333333333,C
3037,18,A,4,4,1,4,2,2,2,2,4,3,4,4,4,2,2,4,4,3,2.625,3.5,3.25,3.0687499999999996,A
3038,18,B,4,4,1,4,2,2,2,1,3,3,3,2,3,2,4,3,4,3,2.5,2.6666666666666665,3.5,2.9016666666666664,B+
3041,18,B-,4,4,1,4,4,4,4,4,4,1,1,-2147483648,3,4,1,2,1,3,3.625,2.1666666666666665,1.75,2.5854166666666667,B
3042,18,A+,2,2,2,4,2,2,2,2,3,4,4,4,4,2,4,3,4,3,2.25,3.5,3.5,3.0125,A
3043,18,C-,4,4,1,4,4,4,1,1,4,4,4,4,3,1,4,2,1,3,2.875,3.3333333333333335,2.5,2.8545833333333333,B+
3044,18,A+,4,4,2,4,2,2,1,4,4,2,2,4,3,4,1,4,1,3,2.875,3.1666666666666665,2.25,2.722916666666667,B+
3046,19,C,4,4,4,4,1,4,1,1,4,1,4,2,3,1,4,2,1,3,2.875,2.5,2.5,2.64625,B
3049,18,B,4,4,2,2,4,2,1,2,4,4,4,2,3,1,4,2,1,3,2.625,3.0,2.5,2.67375,B
3050,19,B-,4,3,1,4,2,4,1,1,2,2,2,-2147483648,3,1,2,4,1,3,2.5,1.6666666666666667,2.5,2.291666666666667,C
3051,18,B-,4,4,1,4,2,2,2,1,2,1,1,-2147483648,3,3,1,2,1,3,2.5,1.6666666666666667,1.75,2.021666666666667,C-
3054,12,C-,2,2,4,4,1,4,1,1,4,1,4,4,3,1,4,2,1,3,2.375,2.8333333333333335,2.5,2.5345833333333334,B
3055,21,C,2,4,1,4,4,2,1,1,4,4,4,-2147483648,3,2,4,4,4,3,2.375,2.8333333333333335,3.75,2.984583333333333,A
3057,19,C,2,2,1,4,3,4,4,1,4,1,1,4,3,1,1,4,1,3,2.625,2.3333333333333335,2.25,2.4170833333333333,B-
3058,18,C,2,4,1,4,1,4,1,1,3,1,1,4,3,1,1,4,1,3,2.25,2.1666666666666665,2.25,2.2291666666666665,C
3059,19,B-,2,2,1,4,1,2,1,1,2,1,1,-2147483648,3,2,1,3,4,3,1.75,1.5,2.75,2.0475000000000003,C
3060,19,B+,2,2,1,4,2,2,4,1,4,1,1,4,3,2,1,3,4,3,2.25,2.5,2.75,2.4924999999999997,B-
3092,18,A,4,4,1,4,3,2,2,2,2,1,4,4,3,3,1,4,3,3,2.75,2.8333333333333335,2.75,2.770833333333333,B+
3094,18,B+,2,2,1,4,2,2,4,2,2,2,2,2,3,1,2,4,1,3,2.375,2.0,2.5,2.32625,B-
3130,19,A,2,2,1,2,2,2,3,1,3,1,1,2,3,2,1,4,4,3,1.875,2.0,3.0,2.3112500000000002,C
3138,19,B,4,4,1,4,4,4,2,2,4,1,1,-2147483648,3,1,1,2,1,3,3.125,1.6666666666666667,1.75,2.265416666666667,C
3149,18,B-,4,4,1,4,2,2,2,1,2,1,1,-2147483648,3,2,1,4,4,3,2.5,1.5,3.0,2.43,B-
3164,12,B-,4,4,1,2,2,2,2,1,2,1,1,4,3,1,1,3,1,3,2.25,2.0,2.0,2.0975,C
3167,21,B+,2,2,1,4,4,4,1,1,4,1,1,2,3,4,1,4,1,3,2.375,2.5,2.25,2.36125,B-
3189,18,A,4,4,2,4,3,2,1,4,4,1,1,2,4,3,1,4,3,3,3.0,2.5,2.75,2.785,B+
3229,18,B-,4,4,1,4,1,2,2,1,4,4,4,2,3,1,4,2,1,3,2.375,3.0,2.5,2.57625,B
3231,19,A+,4,4,2,4,3,2,4,4,4,2,3,2,4,3,1,4,4,3,3.375,3.0,3.0,3.14625,A+
3257,18,B,2,2,1,4,1,4,4,2,2,1,1,-2147483648,3,1,1,3,1,3,2.5,1.3333333333333333,2.0,2.0283333333333333,C
3296,18,C,3,4,1,4,2,4,1,1,4,1,1,2,3,4,1,4,1,3,2.5,2.5,2.25,2.41,B-
3305,18,B,2,2,1,4,2,2,2,1,4,1,1,2,3,1,1,2,1,3,2.0,2.0,1.75,1.9100000000000001,C-
3308,18,C-,2,4,1,2,1,4,1,1,4,1,4,2,3,1,4,2,1,3,2.0,2.5,2.5,2.3049999999999997,C
3311,17,B,4,4,1,4,2,4,2,1,4,1,1,-2147483648,3,3,1,4,1,3,2.75,2.0,2.25,2.3825,B-
3321,18,C,4,4,1,4,1,2,2,1,4,1,1,-2147483648,3,3,1,3,3,3,2.375,2.0,2.5,2.32625,B-
3338,18,B-,4,4,1,4,1,1,1,1,4,4,4,4,3,1,4,2,1,3,2.125,3.3333333333333335,2.5,2.5620833333333333,B
3346,18,C,2,2,1,4,2,4,1,1,3,1,1,2,3,1,1,2,1,3,2.125,1.8333333333333333,1.75,1.9170833333333333,C-
3356,19,C,4,4,1,4,1,1,1,1,3,1,1,4,3,1,1,2,1,3,2.125,2.1666666666666665,1.75,2.0004166666666667,C-
3376,17,B+,2,2,1,4,2,2,2,2,4,1,1,4,3,3,1,4,3,3,2.125,2.6666666666666665,2.75,2.4854166666666666,B-
3406,19,B-,4,4,1,4,2,4,2,1,3,1,1,-2147483648,3,3,1,2,1,3,2.75,1.8333333333333333,1.75,2.160833333333333,C
3413,21,A,2,2,1,4,2,2,2,2,4,1,1,2,4,2,1,4,4,3,2.125,2.3333333333333335,3.0,2.4920833333333334,B-
3416,19,A,2,2,1,4,3,4,1,1,2,1,2,4,3,2,1,4,4,3,2.25,2.3333333333333335,3.0,2.5408333333333335,B
3419,19,B-,4,4,1,4,1,2,1,1,4,1,1,2,3,1,1,2,1,3,2.25,2.0,1.75,2.0075,C-
3432,18,B-,3,4,1,2,1,4,1,1,4,1,1,4,3,1,1,3,1,3,2.125,2.3333333333333335,2.0,2.132083333333333,C
3437,18,B,4,4,1,4,4,2,2,1,4,1,1,-2147483648,3,3,1,4,4,3,2.75,2.0,3.0,2.6525,B
3443,18,B+,2,2,1,4,2,4,1,2,2,1,1,-2147483648,4,1,2,4,1,3,2.25,1.5,2.5,2.1525,C
3450,19,C,4,4,1,4,2,2,1,1,3,1,1,4,3,2,1,4,4,3,2.375,2.3333333333333335,3.0,2.5895833333333336,B
3454,19,A,2,2,1,4,4,2,1,4,3,2,2,-2147483648,3,4,2,4,1,3,2.5,2.3333333333333335,2.5,2.4583333333333335,B-
3481,18,B+,4,4,1,4,2,2,2,2,4,2,2,2,4,2,2,4,4,3,2.625,2.6666666666666665,3.25,2.8604166666666666,B+
3501,18,C,4,4,1,4,2,2,2,2,4,1,1,2,3,4,1,4,1,3,2.625,2.5,2.25,2.4587499999999998,B-
3504,19,B,2,2,2,4,2,2,4,1,4,2,1,4,3,2,1,4,4,3,2.375,2.6666666666666665,3.0,2.6729166666666666,B
3515,19,B+,2,2,1,4,1,4,2,1,2,1,1,4,4,4,1,3,1,3,2.125,2.6666666666666665,2.0,2.2154166666666666,C
3518,19,B-,4,4,1,4,1,4,1,1,4,1,1,4,3,1,1,4,1,3,2.5,2.3333333333333335,2.25,2.3683333333333336,B-
3530,18,B-,4,4,1,4,4,1,4,1,4,4,4,4,3,1,1,2,1,3,2.875,3.3333333333333335,1.75,2.5845833333333332,B
3532,18,B+,4,4,1,4,4,2,2,2,2,2,2,2,4,1,2,4,1,3,2.875,2.1666666666666665,2.5,2.5629166666666667,B
3533,18,B+,2,2,1,4,2,2,2,2,4,1,4,4,4,4,3,2,1,3,2.125,3.5,2.25,2.51375,B
3535,21,C,2,2,1,4,2,2,2,1,3,1,1,4,3,4,4,2,1,3,2.0,2.6666666666666665,2.5,2.3466666666666667,B-
3543,17,B,4,4,1,4,1,1,4,1,4,1,1,-2147483648,3,2,1,2,4,3,2.5,1.8333333333333333,2.5,2.333333333333333,B-
3545,18,B+,2,2,1,2,2,1,1,1,4,1,1,-2147483648,4,1,2,4,1,3,1.5,1.8333333333333333,2.5,1.9433333333333331,C-
3550,18,B-,4,4,1,4,4,4,1,1,2,1,1,4,3,1,1,2,1,3,2.875,2.0,1.75,2.25125,C
3557,24,B+,4,4,1,4,2,4,1,1,4,1,1,4,3,2,1,3,4,3,2.625,2.5,2.75,2.63875,B
3563,21,B,2,2,4,4,4,2,4,1,4,1,1,4,3,3,4,2,1,3,2.875,2.6666666666666665,2.5,2.6879166666666667,B
3576,18,B+,4,4,2,4,2,2,4,2,4,1,2,4,4,2,1,4,4,3,3.0,2.8333333333333335,3.0,2.9583333333333335,A
3583,21,A,2,4,1,4,2,2,1,4,4,1,1,-2147483648,3,2,1,4,4,3,2.5,1.8333333333333333,3.0,2.5133333333333336,B
3588,18,B,4,4,1,4,4,2,4,2,3,1,4,2,3,3,4,3,3,3,3.125,2.6666666666666665,3.25,3.0554166666666664,A
3591,18,B-,4,4,1,4,2,4,4,1,4,1,1,2,3,1,1,4,1,3,3.0,2.0,2.25,2.48,B-
3592,18,B,4,4,1,4,2,4,1,1,2,1,1,-2147483648,3,1,1,2,1,3,2.625,1.3333333333333333,1.75,1.987083333333333,C-
3593,19,C,4,4,1,4,4,4,1,1,4,1,1,-2147483648,3,1,1,4,1,3,2.875,1.6666666666666667,2.25,2.347916666666667,B-
3605,18,B+,2,2,1,4,2,2,1,2,3,2,2,2,4,2,1,4,4,3,2.0,2.5,3.0,2.4850000000000003,B-
3607,19,C,4,4,1,4,1,4,1,1,4,4,4,2,3,1,1,3,1,3,2.5,3.0,2.0,2.4450000000000003,B-
3617,18,B,3,3,1,4,2,2,4,2,3,1,1,-2147483648,3,1,1,4,1,3,2.625,1.5,2.25,2.2087499999999998,C
3622,18,B,4,4,1,4,2,2,2,1,4,1,1,2,3,1,1,3,1,3,2.5,2.0,2.0,2.1950000000000003,C
3645,18,B-,4,4,1,4,2,3,2,1,2,2,2,2,3,4,2,4,1,3,2.625,2.5,2.5,2.54875,B
3652,19,B-,2,2,1,4,4,4,2,1,3,1,1,2,3,4,1,4,1,3,2.5,2.3333333333333335,2.25,2.3683333333333336,B-
3653,18,B-,4,4,1,4,2,2,2,2,3,1,1,-2147483648,3,2,1,3,4,3,2.625,1.6666666666666667,2.75,2.430416666666667,B-
3661,18,B-,4,4,1,4,4,2,1,1,4,1,1,-2147483648,3,4,1,4,1,3,2.625,2.1666666666666665,2.25,2.3754166666666667,B-
3665,18,B+,2,2,1,4,2,2,4,1,2,2,2,2,4,2,2,4,4,3,2.25,2.3333333333333335,3.25,2.6308333333333334,B
3669,18,B+,2,2,1,4,4,2,2,4,4,1,2,4,4,4,2,4,1,3,2.625,3.1666666666666665,2.5,2.7154166666666666,B
3673,18,B,4,4,1,4,2,2,4,2,4,1,1,-2147483648,3,2,1,3,4,3,2.875,1.8333333333333333,2.75,2.569583333333333,B
3679,17,B,3,3,1,4,2,4,2,1,3,4,4,-2147483648,3,1,4,3,1,3,2.5,2.5,2.75,2.59,B
3686,18,B-,4,4,1,4,4,2,1,1,4,1,1,4,3,1,1,2,1,3,2.625,2.3333333333333335,1.75,2.237083333333333,C
3701,19,C,4,4,1,4,4,4,4,4,3,1,1,-2147483648,3,1,1,2,1,3,3.625,1.5,1.75,2.41875,B-
3705,12,B-,4,4,1,4,4,4,4,4,3,4,4,4,3,4,1,2,1,3,3.625,3.6666666666666665,1.75,2.9604166666666667,A
3706,19,A,4,4,1,4,2,2,4,2,4,4,3,-2147483648,3,2,2,4,4,3,2.875,2.6666666666666665,3.25,2.9579166666666667,A
3708,10,B+,2,2,1,4,4,4,4,4,4,4,3,2,4,2,2,3,4,3,3.125,3.1666666666666665,3.0,3.0904166666666666,A
3711,18,A+,2,4,2,4,2,2,2,2,4,2,1,2,4,2,2,4,4,3,2.5,2.5,3.25,2.77,B+
3712,19,B+,4,4,1,4,1,4,1,2,4,1,1,-2147483648,3,1,1,2,1,3,2.625,1.6666666666666667,1.75,2.0704166666666666,C
3714,18,B+,4,4,4,4,2,2,1,2,3,1,1,2,3,2,4,4,4,3,2.875,2.0,3.75,2.97125,A
4104,25,B,2,2,1,4,2,4,1,2,2,4,4,4,3,1,4,4,1,3,2.25,3.0,3.0,2.7075,B
4106,25,B+,2,2,1,4,4,4,2,1,4,2,2,4,3,2,1,2,4,3,2.5,2.8333333333333335,2.5,2.5833333333333335,B
4108,12,B,4,4,1,2,2,4,1,4,4,1,4,4,3,1,1,2,1,3,2.75,2.8333333333333335,1.75,2.410833333333333,B-
4119,12,A,4,4,1,4,2,2,2,1,2,1,1,2,3,2,1,2,4,3,2.5,1.8333333333333333,2.5,2.333333333333333,B-
4133,25,B,3,3,1,4,1,4,1,1,3,1,1,2,3,4,1,2,1,3,2.25,2.3333333333333335,1.75,2.0908333333333333,C
4142,12,B-,2,4,1,4,2,2,2,1,3,1,1,2,3,2,1,2,4,3,2.25,2.0,2.5,2.2775,C
4148,10,C,4,4,1,4,1,4,1,1,3,1,1,2,3,3,1,3,4,3,2.5,2.1666666666666665,2.75,2.506666666666667,B
4155,25,B+,2,2,1,4,1,4,1,1,2,1,1,-2147483648,3,1,1,2,1,3,2.0,1.3333333333333333,1.75,1.7433333333333332,C-
4164,25,A,2,2,1,4,4,4,4,1,4,1,2,4,3,2,1,3,4,3,2.75,2.6666666666666665,2.75,2.729166666666667,B+
4306,15,B+,4,4,1,2,2,2,2,4,3,3,3,2,3,4,3,2,1,3,2.625,3.0,2.25,2.5837499999999998,B
4414,4,C,4,3,4,4,2,2,1,1,3,1,1,2,3,1,1,3,1,3,2.625,1.8333333333333333,2.0,2.2020833333333334,C
4426,3,B-,2,2,1,4,4,2,4,4,4,1,1,-2147483648,3,2,1,3,4,3,2.875,1.8333333333333333,2.75,2.569583333333333,B
4438,4,B-,4,4,1,4,2,4,1,1,2,1,1,-2147483648,3,1,1,3,1,3,2.625,1.3333333333333333,2.0,2.0770833333333334,C
4439,3,C,4,4,1,4,2,2,2,2,2,1,1,-2147483648,3,4,1,3,1,3,2.625,1.8333333333333333,2.0,2.2020833333333334,C
4440,3,C-,4,4,1,4,2,4,1,1,2,1,1,2,3,4,1,3,1,3,2.625,2.1666666666666665,2.0,2.2854166666666664,C
4526,21,B+,4,4,1,4,2,4,2,1,4,1,3,2,3,2,3,3,4,3,2.75,2.5,3.25,2.8674999999999997,B+
4532,20,B,3,4,1,4,2,2,4,2,4,1,3,2,4,4,3,4,1,3,2.75,3.0,2.75,2.8125,B+
4536,25,A,4,3,1,4,4,4,4,1,3,1,1,2,3,4,1,3,1,3,3.125,2.3333333333333335,2.0,2.5220833333333337,B
4540,21,B,3,4,1,4,4,2,2,1,3,1,3,2,3,2,3,3,4,3,2.625,2.3333333333333335,3.25,2.777083333333333,B+
4545,17,B+,3,2,4,4,4,2,2,1,4,1,1,2,3,2,1,3,4,3,2.75,2.1666666666666665,2.75,2.604166666666667,B
4551,22,B,4,2,1,4,2,2,1,1,4,1,1,-2147483648,3,2,1,3,4,3,2.125,1.8333333333333333,2.75,2.2770833333333336,C
4552,21,B-,2,4,1,4,2,4,1,1,4,1,1,-2147483648,3,4,1,4,1,3,2.375,2.1666666666666665,2.25,2.2779166666666666,C
4555,21,B-,3,4,1,4,2,4,2,2,4,1,1,2,3,4,1,3,1,3,2.75,2.5,2.0,2.4175,B-
4557,22,B-,4,2,1,4,1,4,1,1,4,1,1,-2147483648,3,3,1,2,1,3,2.25,2.0,1.75,2.0075,C-
4560,21,C,3,4,1,4,1,4,1,1,4,1,1,2,3,3,1,3,1,3,2.375,2.3333333333333335,2.0,2.2295833333333333,C
4562,21,C,3,4,1,4,1,1,1,1,4,1,1,-2147483648,3,2,1,3,4,3,2.0,1.8333333333333333,2.75,2.2283333333333335,C
4564,17,B,3,4,1,4,1,2,1,1,4,1,1,2,3,2,1,4,4,3,2.125,2.1666666666666665,3.0,2.4504166666666665,B-
4566,22,C,4,2,1,2,2,2,2,2,3,1,1,2,3,2,1,3,4,3,2.125,2.0,2.75,2.3187499999999996,B-
4571,22,C,4,2,1,4,1,2,4,1,3,1,1,4,3,2,1,2,4,3,2.375,2.3333333333333335,2.5,2.4095833333333334,B-
4572,23,B-,3,4,1,4,4,2,2,1,3,1,1,2,3,2,1,4,4,3,2.625,2.0,3.0,2.60375,B
4576,21,B+,2,2,1,4,2,4,2,2,4,2,2,2,4,3,2,4,1,3,2.375,2.8333333333333335,2.5,2.5345833333333334,B
4581,22,B+,4,4,1,2,4,2,2,1,4,1,1,2,3,4,1,3,1,3,2.5,2.5,2.0,2.3200000000000003,B-
4583,21,B-,3,4,1,4,4,2,1,4,2,1,1,2,3,2,1,3,4,3,2.875,1.8333333333333333,2.75,2.569583333333333,B
4720,10,A,2,2,1,4,2,4,2,1,4,4,4,4,3,2,2,4,4,3,2.25,3.5,3.25,2.9225,B+
4722,10,B+,4,4,2,4,2,2,4,2,3,4,4,4,3,4,4,2,1,3,3.0,3.6666666666666665,2.5,2.9866666666666664,A
4736,25,B-,3,2,1,4,4,2,4,1,4,1,1,2,3,4,1,4,1,3,2.625,2.5,2.25,2.4587499999999998,B-
4737,25,B+,3,3,1,4,4,4,4,4,2,1,1,-2147483648,3,4,1,4,1,3,3.375,1.8333333333333333,2.25,2.5845833333333332,B
4739,11,A+,2,2,1,4,3,2,1,4,4,2,2,2,4,4,2,2,1,3,2.375,3.0,2.0,2.39625,B-
4746,12,B,2,2,1,4,4,2,2,2,4,1,4,4,3,4,1,2,1,3,2.375,3.3333333333333335,1.75,2.3895833333333334,B-
4755,11,A,2,2,4,4,2,2,1,2,3,1,2,2,3,1,2,4,1,3,2.375,2.0,2.5,2.32625,B-
4763,11,C,4,4,2,4,2,2,4,4,4,2,1,4,3,2,2,4,4,3,3.25,2.6666666666666665,3.25,3.1041666666666665,A
4764,11,B,2,2,1,4,4,4,2,1,2,4,4,2,4,4,2,3,1,3,2.5,3.3333333333333335,2.25,2.6183333333333336,B
4766,10,A+,2,2,2,4,2,4,2,2,4,2,2,2,3,2,2,4,4,3,2.5,2.5,3.25,2.77,B+
4770,10,B,2,2,1,4,4,4,1,4,2,1,1,2,3,2,1,3,4,3,2.75,1.8333333333333333,2.75,2.520833333333333,B
4807,25,B-,4,4,1,4,4,4,1,4,4,4,4,4,3,2,4,3,4,3,3.25,3.5,3.5,3.4025,A+
4912,17,B,4,4,1,4,2,4,2,2,4,1,1,2,3,2,1,2,4,3,2.875,2.1666666666666665,2.5,2.5629166666666667,B
4915,19,A+,2,4,2,4,4,2,4,2,4,4,4,2,4,2,3,4,4,3,3.0,3.3333333333333335,3.5,3.2633333333333336,A+
4916,19,C,2,4,1,4,4,4,4,4,4,1,1,4,3,4,1,4,1,3,3.375,2.8333333333333335,2.25,2.8345833333333337,B+
4919,18,A,4,4,2,4,2,2,2,2,4,1,2,4,4,2,1,2,4,3,2.75,2.8333333333333335,2.5,2.680833333333333,B
4927,18,B-,4,4,1,4,2,2,2,2,2,1,1,2,4,2,1,4,4,3,2.625,2.0,3.0,2.60375,B
4930,20,B-,4,4,4,4,1,4,1,1,4,1,1,4,3,1,1,2,1,3,2.875,2.3333333333333335,1.75,2.3345833333333332,B-
4934,18,C,4,4,1,4,4,2,2,4,4,1,1,4,3,4,1,4,1,3,3.125,2.8333333333333335,2.25,2.7370833333333335,B+
4935,18,B,2,2,1,4,4,4,4,4,3,1,1,-2147483648,3,1,1,2,1,3,3.125,1.5,1.75,2.22375,C
4938,19,A+,2,2,1,2,2,2,2,2,2,1,1,2,4,2,1,4,4,3,1.875,2.0,3.0,2.3112500000000002,C
4942,17,B+,2,4,1,4,2,2,2,2,4,1,1,4,3,1,1,2,1,3,2.375,2.3333333333333335,1.75,2.1395833333333334,C
4943,18,B-,2,2,1,4,1,1,1,1,4,1,1,2,3,1,1,2,1,3,1.625,2.0,1.75,1.76375,C-
4952,18,B+,2,2,1,4,4,2,4,4,4,1,1,-2147483648,3,4,1,2,1,3,2.875,2.1666666666666665,1.75,2.2929166666666667,C
4956,18,C,2,2,1,4,4,4,4,4,3,1,1,2,3,4,1,3,1,3,3.125,2.3333333333333335,2.0,2.5220833333333337,B
4958,18,A+,3,4,2,4,2,2,2,2,3,2,1,2,4,2,1,4,4,3,2.625,2.3333333333333335,3.0,2.6870833333333333,B
4960,18,B,4,4,1,4,2,2,2,2,4,1,2,4,3,2,2,3,4,3,2.625,2.6666666666666665,3.0,2.7704166666666667,B+
4961,18,B+,2,2,1,4,1,4,1,1,4,1,1,-2147483648,4,1,4,3,1,3,2.0,1.8333333333333333,2.75,2.2283333333333335,C
4967,18,B-,4,4,1,4,2,4,2,1,3,1,1,-2147483648,3,4,1,4,1,3,2.75,2.0,2.25,2.3825,B-
4968,18,B+,2,2,4,4,2,4,2,2,3,4,4,-2147483648,3,1,4,2,1,3,2.75,2.5,2.5,2.5975,B
4976,19,C,4,4,1,4,1,4,4,1,4,4,4,-2147483648,3,2,1,2,4,3,2.875,2.8333333333333335,2.5,2.7295833333333333,B+
4977,19,B,4,4,1,4,1,2,1,1,4,1,1,-2147483648,3,1,1,2,1,3,2.25,1.6666666666666667,1.75,1.9241666666666668,C-
4989,18,B+,4,3,1,4,2,2,2,1,2,1,1,-2147483648,3,1,1,2,1,3,2.375,1.3333333333333333,1.75,1.8895833333333334,C-
4999,17,C-,4,2,1,4,1,2,1,1,4,1,1,2,3,1,1,2,1,3,2.0,2.0,1.75,1.9100000000000001,C-
5007,16,B+,4,2,1,4,2,4,2,1,4,1,1,4,3,3,1,2,4,3,2.5,2.6666666666666665,2.5,2.5416666666666665,B
5215,18,C,4,4,1,4,1,1,1,1,4,1,1,2,3,2,1,3,4,3,2.125,2.1666666666666665,2.75,2.3604166666666666,B-
5222,19,C,4,4,1,4,4,4,4,4,2,1,1,-2147483648,3,1,1,3,1,3,3.625,1.3333333333333333,2.0,2.467083333333333,B-
5225,19,B,2,2,1,4,2,2,2,2,4,1,1,-2147483648,3,4,1,4,1,3,2.125,2.1666666666666665,2.25,2.1804166666666664,C
5234,18,B+,2,2,4,4,2,2,2,2,2,1,4,-2147483648,3,2,4,2,4,3,2.5,2.0,3.25,2.645,B
5243,17,C,2,2,1,4,1,1,1,1,4,1,1,2,3,2,1,4,4,3,1.625,2.1666666666666665,3.0,2.2554166666666666,C
5244,18,B-,4,4,1,4,4,4,4,4,4,1,1,2,3,1,1,2,1,3,3.625,2.0,1.75,2.54375,B
5258,19,C,4,4,1,4,1,1,1,1,3,1,1,-2147483648,3,4,1,3,1,3,2.125,2.0,2.0,2.04875,C
5269,18,B+,2,2,1,4,2,4,4,2,3,1,1,2,3,4,1,4,1,3,2.625,2.3333333333333335,2.25,2.4170833333333333,B-
5283,20,B,4,4,1,4,1,1,1,1,2,1,1,2,3,2,1,2,4,3,2.125,1.8333333333333333,2.5,2.1870833333333333,C
5284,17,C,2,2,1,4,4,2,2,2,3,1,1,2,3,2,1,4,4,3,2.375,2.0,3.0,2.50625,B-
5285,18,B+,4,3,1,4,4,2,1,1,3,1,2,4,3,2,1,4,4,3,2.5,2.5,3.0,2.68,B
5288,22,A,3,4,1,4,2,2,4,2,3,2,1,4,3,2,2,2,4,3,2.75,2.5,2.75,2.6875,B
5306,23,A+,2,4,1,4,4,2,2,2,4,3,1,-2147483648,3,1,3,4,1,3,2.625,2.0,2.75,2.51375,B
5469,18,B+,4,4,1,4,2,2,1,2,3,1,3,-2147483648,3,2,4,3,4,3,2.5,2.0,3.5,2.7350000000000003,B+
5471,18,A,4,3,1,4,4,4,1,1,4,1,1,2,3,1,1,3,1,3,2.75,2.0,2.0,2.2925,C
5484,19,B-,4,4,1,4,2,4,2,1,4,1,1,4,3,4,1,3,1,3,2.75,2.8333333333333335,2.0,2.5008333333333335,B-
5538,16,B-,4,2,1,4,2,1,1,1,3,1,1,-2147483648,3,1,1,3,1,3,2.0,1.5,2.0,1.875,C-
5546,14,C,4,2,1,4,4,4,4,1,4,1,1,-2147483648,3,1,1,3,1,3,3.0,1.6666666666666667,2.0,2.3066666666666666,C
6108,18,B,4,4,1,4,2,2,4,2,4,1,1,2,3,1,1,4,1,3,2.875,2.0,2.25,2.43125,B-
6115,18,B+,4,4,1,4,4,2,2,1,4,1,1,2,3,4,1,4,1,3,2.75,2.5,2.25,2.5075,B
6116,18,A,4,4,1,4,2,2,2,2,2,2,2,-2147483648,4,2,2,4,4,3,2.625,2.0,3.25,2.6937499999999996,B
6117,19,B+,2,2,1,4,2,4,1,1,2,1,1,4,3,2,1,3,4,3,2.125,2.1666666666666665,2.75,2.3604166666666666,B-
6120,18,B+,4,4,2,4,2,4,2,1,4,2,2,2,3,2,2,4,4,3,2.875,2.5,3.25,2.91625,B+
6128,19,B+,2,2,1,4,2,4,1,1,3,2,2,2,4,2,2,4,4,3,2.125,2.5,3.25,2.62375,B
6133,18,B,4,4,1,4,1,4,1,1,4,1,1,4,3,4,1,2,1,3,2.5,2.8333333333333335,1.75,2.3133333333333335,B-
6141,18,B-,4,4,1,4,2,2,2,2,4,4,4,2,3,2,4,2,4,3,2.625,3.1666666666666665,3.25,2.9854166666666666,A
6152,19,B,2,4,1,4,3,2,1,1,3,1,1,2,3,4,1,4,1,3,2.25,2.3333333333333335,2.25,2.2708333333333335,C
6153,18,A,3,4,2,4,2,2,1,1,3,1,1,2,3,2,1,4,4,3,2.375,2.0,3.0,2.50625,B-
6155,18,B,4,2,1,4,2,2,1,1,2,1,1,2,3,2,1,3,4,3,2.125,1.8333333333333333,2.75,2.2770833333333336,C
6164,18,C,4,4,1,4,4,4,1,4,4,1,1,2,3,4,1,3,1,3,3.25,2.5,2.0,2.6125,B
6165,19,B-,4,4,4,4,4,4,1,4,4,1,1,4,3,4,1,2,1,3,3.625,2.8333333333333335,1.75,2.752083333333333,B+
6166,19,B+,2,2,1,4,4,4,1,4,4,1,1,2,3,4,1,2,1,3,2.75,2.5,1.75,2.3275,B-
6168,18,B,4,4,1,4,2,4,1,2,2,1,1,-2147483648,3,1,1,2,1,3,2.75,1.3333333333333333,1.75,2.035833333333333,C
6176,18,A+,2,2,1,4,2,2,1,2,2,2,2,4,4,2,2,4,4,3,2.0,2.6666666666666665,3.25,2.6166666666666667,B
6191,18,C,4,4,1,2,4,2,4,1,4,1,1,2,3,1,2,3,1,3,2.75,2.0,2.25,2.3825,B-
6197,18,C,4,4,1,4,1,4,1,1,4,1,1,-2147483648,3,1,1,2,1,3,2.5,1.6666666666666667,1.75,2.021666666666667,C-
6201,19,B-,2,2,1,4,4,4,1,4,3,1,1,2,3,2,4,2,4,3,2.75,2.0,3.25,2.7424999999999997,B+
6202,18,A,2,2,1,4,4,2,1,4,3,1,1,4,3,1,1,4,1,3,2.5,2.1666666666666665,2.25,2.3266666666666667,B-
6205,18,B,4,4,1,4,2,4,4,2,4,4,4,2,3,4,4,4,1,3,3.125,3.5,3.0,3.17375,A+
6206,19,B+,2,2,1,4,4,2,1,2,3,2,2,-2147483648,3,1,1,4,1,3,2.25,1.8333333333333333,2.25,2.1458333333333335,C
6209,19,C,4,4,1,4,4,2,2,4,4,1,1,-2147483648,3,2,1,4,4,3,3.125,1.8333333333333333,3.0,2.757083333333333,B+
6213,18,B+,2,2,1,4,2,2,4,1,4,1,2,4,4,2,1,4,4,3,2.25,2.8333333333333335,3.0,2.6658333333333335,B
6215,21,B+,2,2,1,4,4,4,1,1,4,2,2,4,3,2,2,2,4,3,2.375,2.8333333333333335,2.75,2.6245833333333337,B
6224,18,B,4,4,1,4,2,4,1,1,4,1,1,4,3,1,1,4,1,3,2.625,2.3333333333333335,2.25,2.4170833333333333,B-
6225,19,C-,4,4,1,4,4,4,1,1,4,1,1,-2147483648,3,4,1,2,1,3,2.875,2.1666666666666665,1.75,2.2929166666666667,C
6226,18,C-,4,4,1,4,1,4,1,1,4,1,1,-2147483648,3,1,1,2,1,3,2.5,1.6666666666666667,1.75,2.021666666666667,C-
6230,18,B,2,2,1,4,4,2,4,4,2,1,1,2,3,3,1,4,1,3,2.875,2.0,2.25,2.43125,B-
6235,19,C,4,4,1,4,1,4,1,1,4,1,1,4,3,4,1,4,1,3,2.5,2.8333333333333335,2.25,2.4933333333333336,B-
6239,18,A+,4,4,2,4,2,2,2,2,3,2,2,4,4,2,2,4,4,3,2.75,2.8333333333333335,3.25,2.950833333333333,B+
6243,18,B,2,2,1,4,4,2,1,1,3,1,1,2,3,3,1,4,1,3,2.125,2.1666666666666665,2.25,2.1804166666666664,C
6257,18,B,3,3,1,4,2,2,4,1,4,1,1,2,3,4,1,2,1,3,2.5,2.5,1.75,2.23,C
6269,18,B,2,4,2,4,2,2,1,1,2,4,1,4,4,2,2,4,4,3,2.25,2.8333333333333335,3.25,2.7558333333333334,B+
6271,18,B-,2,4,1,4,2,4,2,2,4,1,1,-2147483648,3,2,1,2,4,3,2.625,1.8333333333333333,2.5,2.382083333333333,B-
6277,19,B+,2,2,4,2,2,2,1,2,2,2,2,4,4,3,2,4,1,3,2.125,2.8333333333333335,2.5,2.4370833333333333,B-
6278,18,B,4,4,1,4,4,2,4,4,4,2,2,2,3,4,1,2,1,3,3.375,2.8333333333333335,1.75,2.6545833333333335,B
6282,18,A,2,3,1,4,4,4,2,2,4,2,2,2,4,3,2,3,4,3,2.75,2.8333333333333335,3.0,2.8608333333333333,B+
6283,19,B-,4,2,1,4,4,4,4,4,4,1,1,2,3,4,1,2,1,3,3.375,2.5,1.75,2.57125,B
6288,18,A,2,2,2,4,2,2,2,4,4,3,3,2,3,4,3,2,1,3,2.5,3.1666666666666665,2.25,2.5766666666666667,B
6405,18,C,4,4,1,4,4,4,2,4,4,1,1,4,3,2,1,4,4,3,3.375,2.5,3.0,3.02125,A
6409,18,B+,2,2,1,4,2,2,2,2,4,2,2,2,3,2,1,4,4,3,2.125,2.5,3.0,2.53375,B
6412,18,A,2,2,1,4,2,2,4,2,3,1,1,2,4,1,1,4,1,3,2.375,2.0,2.25,2.23625,C
6414,19,B,4,4,1,4,2,4,1,2,2,1,1,-2147483648,3,4,1,4,1,3,2.75,1.8333333333333333,2.25,2.3408333333333333,B-
6415,18,B,4,4,1,4,2,4,2,1,2,1,1,-2147483648,3,1,1,4,1,3,2.75,1.3333333333333333,2.25,2.2158333333333333,C
6416,19,B,2,2,1,2,2,2,1,2,4,1,1,2,3,1,1,2,1,3,1.75,2.0,1.75,1.8125,C-
6426,19,C,4,4,1,4,1,4,1,1,4,1,2,2,4,2,1,3,4,3,2.5,2.5,2.75,2.59,B
6438,21,B,2,4,1,4,4,4,4,2,4,1,1,2,3,4,1,2,1,3,3.125,2.5,1.75,2.47375,B-
6442,19,B+,2,2,1,4,4,2,4,1,3,1,2,-2147483648,3,2,1,4,4,3,2.5,1.8333333333333333,3.0,2.5133333333333336,B
6443,18,B,2,4,1,4,2,2,2,1,2,1,1,4,3,2,1,4,4,3,2.25,2.1666666666666665,3.0,2.4991666666666665,B-
6446,12,B+,3,2,2,4,2,2,4,2,3,2,2,4,4,2,2,4,4,3,2.625,2.8333333333333335,3.25,2.902083333333333,B+
6449,18,B-,4,4,1,4,4,4,1,4,4,1,1,2,3,4,1,4,1,3,3.25,2.5,2.25,2.7025,B
6451,18,C,4,4,1,4,2,2,2,2,4,1,1,4,3,1,1,4,1,3,2.625,2.3333333333333335,2.25,2.4170833333333333,B-
6456,18,A,4,4,1,4,4,2,4,2,3,1,4,2,3,2,1,4,4,3,3.125,2.5,3.0,2.92375,B+
6472,12,C,4,4,1,4,2,2,2,4,2,1,1,4,3,4,1,2,1,3,2.875,2.5,1.75,2.37625,B-
6477,18,A,2,2,1,2,1,4,4,1,2,2,3,4,3,3,2,2,1,3,2.125,2.8333333333333335,2.0,2.257083333333333,C
6491,25,A,3,4,1,4,4,4,4,4,4,2,2,4,4,2,1,4,4,3,3.5,3.0,3.0,3.1950000000000003,A+
6504,3,B+,4,4,1,4,1,2,2,1,4,1,1,-2147483648,3,2,1,4,4,3,2.375,1.8333333333333333,3.0,2.4645833333333336,B-
6505,9,B+,4,4,1,4,2,2,2,2,2,2,2,4,4,4,2,4,1,3,2.625,3.0,2.5,2.67375,B
6515,18,B-,2,4,1,4,2,4,2,1,3,4,4,4,3,2,1,2,4,3,2.5,3.3333333333333335,2.5,2.7083333333333335,B
6525,18,C,4,4,1,4,4,4,1,1,2,1,1,-2147483648,3,2,1,2,4,3,2.875,1.5,2.5,2.39625,B-
6531,18,B+,2,3,1,4,2,4,1,1,2,1,1,2,3,1,1,3,1,3,2.25,1.6666666666666667,2.0,2.0141666666666667,C-
6533,18,B,2,2,1,4,1,4,1,1,4,1,1,2,3,1,1,4,1,3,2.0,2.0,2.25,2.09,C
6541,12,C,4,4,1,4,2,2,1,1,4,1,1,4,3,2,1,2,4,3,2.375,2.5,2.5,2.45125,B-
6550,12,B-,4,3,1,4,1,4,1,1,4,1,1,-2147483648,3,1,1,3,1,3,2.375,1.6666666666666667,2.0,2.0629166666666667,C
6552,18,B,4,4,1,4,4,2,1,1,3,1,1,4,3,1,1,4,1,3,2.625,2.1666666666666665,2.25,2.3754166666666667,B-
6558,20,C,4,2,4,4,2,2,4,2,4,1,1,-2147483648,3,4,1,2,1,3,3.0,2.1666666666666665,1.75,2.3416666666666663,B-
6573,18,B-,2,4,1,4,4,1,4,4,3,1,2,2,3,1,1,3,1,3,3.0,2.0,2.0,2.3899999999999997,B-
6579,19,A,4,2,1,4,4,2,4,1,3,2,3,2,3,2,2,4,4,3,2.75,2.5,3.25,2.8674999999999997,B+
6582,10,B,4,4,1,4,2,2,2,1,2,1,1,2,3,1,1,2,1,3,2.5,1.6666666666666667,1.75,2.021666666666667,C-
6585,10,B,4,4,1,4,2,2,1,4,4,4,4,4,3,2,4,2,4,3,2.75,3.5,3.25,3.1174999999999997,A
6591,18,B-,2,4,1,4,1,4,1,1,4,4,4,2,3,1,1,4,1,3,2.25,3.0,2.25,2.4375,B-
6598,25,B-,4,4,1,4,1,4,1,1,4,1,1,4,3,4,1,2,1,3,2.5,2.8333333333333335,1.75,2.3133333333333335,B-
6605,22,B,4,2,1,4,4,4,1,4,4,1,1,2,3,2,1,2,4,3,3.0,2.1666666666666665,2.5,2.6116666666666664,B
6606,21,C-,3,4,1,2,1,2,1,1,4,1,1,2,3,4,1,3,1,3,1.875,2.5,2.0,2.07625,C
6655,25,B-,4,4,1,4,4,1,1,4,4,1,1,2,3,3,1,4,3,3,2.875,2.3333333333333335,2.75,2.694583333333333,B
6657,12,C,3,3,1,4,4,1,1,1,2,1,1,2,3,4,1,3,1,3,2.25,2.1666666666666665,2.0,2.1391666666666667,C
6668,19,B,2,4,1,4,4,2,2,2,4,1,2,4,3,3,1,4,1,3,2.625,2.8333333333333335,2.25,2.5420833333333333,B
6669,19,A,2,2,1,4,2,2,2,2,4,2,2,2,4,2,2,4,4,3,2.125,2.6666666666666665,3.25,2.6654166666666663,B
6670,25,B+,2,4,1,4,2,2,2,2,3,1,4,2,3,3,1,4,1,3,2.375,2.6666666666666665,2.25,2.4029166666666666,B-
6671,25,B-,4,4,1,4,2,4,2,4,2,4,4,4,3,2,4,2,4,3,3.125,3.1666666666666665,3.25,3.1804166666666664,A+
6672,18,B-,4,4,1,4,2,2,1,1,2,1,1,2,3,2,4,2,4,3,2.375,1.8333333333333333,3.25,2.5545833333333334,B
6695,18,B-,2,4,1,4,2,1,1,1,2,1,1,2,3,4,1,3,1,3,2.0,2.1666666666666665,2.0,2.041666666666667,C
6698,18,B,4,4,1,4,4,2,2,2,4,1,1,2,3,2,1,3,4,3,2.875,2.1666666666666665,2.75,2.652916666666667,B
6706,21,B-,2,2,1,4,2,4,2,1,2,1,1,2,3,2,1,4,4,3,2.25,1.8333333333333333,3.0,2.4158333333333335,B-
6715,18,B,4,4,1,4,4,2,2,1,4,1,1,2,3,4,1,3,1,3,2.75,2.5,2.0,2.4175,B-
6719,18,C,4,4,1,4,4,2,1,1,3,1,1,-2147483648,3,1,1,3,1,3,2.625,1.5,2.0,2.11875,C
6743,19,C-,4,4,1,4,4,1,4,4,4,1,1,2,3,2,1,3,4,3,3.25,2.1666666666666665,2.75,2.7991666666666664,B+
6753,23,B,4,4,1,4,4,2,2,4,4,1,1,2,3,1,1,2,1,3,3.125,2.0,1.75,2.34875,B-
6756,18,B,2,2,1,4,4,2,1,4,2,1,1,2,3,4,1,3,1,3,2.5,2.1666666666666665,2.0,2.2366666666666664,C
6768,5,B,4,4,1,4,2,4,1,1,3,1,1,2,3,2,1,3,4,3,2.625,2.0,2.75,2.51375,B
6770,18,B+,2,4,1,4,2,2,2,2,2,1,1,2,3,2,1,3,4,3,2.375,1.8333333333333333,2.75,2.3745833333333333,B-
6781,20,C,2,3,1,4,2,4,2,2,4,1,1,4,3,4,1,3,1,3,2.5,2.8333333333333335,2.0,2.4033333333333333,B-
6782,25,B-,4,4,1,4,2,4,1,1,4,1,1,2,3,4,1,3,1,3,2.625,2.5,2.0,2.36875,B-
6789,18,B+,4,4,1,2,2,2,2,2,3,1,1,2,3,4,1,3,1,3,2.375,2.3333333333333335,2.0,2.2295833333333333,C
6790,7,B,4,4,1,4,2,2,2,1,2,1,1,-2147483648,3,2,1,3,4,3,2.5,1.5,2.75,2.34,B-
6792,18,C,2,3,1,4,4,2,2,4,4,1,1,2,3,3,1,3,1,3,2.75,2.3333333333333335,2.0,2.3758333333333335,B-
6796,25,B,4,4,1,4,1,4,1,1,4,1,1,2,3,4,1,3,1,3,2.5,2.5,2.0,2.3200000000000003,B-
6799,18,B,4,4,1,4,4,2,4,1,2,1,1,2,3,4,1,3,1,3,3.0,2.1666666666666665,2.0,2.4316666666666666,B-
8011,19,C,3,4,1,4,4,1,4,1,3,1,1,4,3,2,1,4,4,3,2.75,2.3333333333333335,3.0,2.7358333333333333,B+
8016,18,B,2,2,1,4,4,2,1,2,2,1,1,2,3,4,1,4,1,3,2.25,2.1666666666666665,2.25,2.2291666666666665,C
8021,18,A,2,2,2,4,4,4,4,4,2,1,2,4,4,3,2,4,3,3,3.25,2.6666666666666665,3.0,3.0141666666666667,A
8028,18,B,4,3,1,4,3,4,4,2,2,1,1,2,3,2,1,4,4,3,3.125,1.8333333333333333,3.0,2.757083333333333,B+
8033,25,C,4,4,1,4,1,4,4,4,4,1,1,4,3,1,1,3,1,3,3.25,2.3333333333333335,2.0,2.5708333333333337,B
8039,18,A+,2,2,1,4,2,2,2,1,3,2,2,4,3,2,2,4,4,3,2.0,2.6666666666666665,3.25,2.6166666666666667,B
8046,18,B+,4,4,2,4,2,2,2,2,2,2,2,2,4,4,2,4,1,3,2.75,2.6666666666666665,2.5,2.6391666666666667,B
8081,18,B,2,4,1,4,2,4,1,1,2,1,1,4,3,1,1,4,1,3,2.375,2.0,2.25,2.23625,C
8103,18,A,2,4,1,4,4,4,1,2,2,1,1,4,3,1,1,4,1,3,2.75,2.0,2.25,2.3825,B-
8104,18,C,4,4,1,4,4,4,2,1,2,1,1,-2147483648,3,3,1,3,1,3,3.0,1.6666666666666667,2.0,2.3066666666666666,C
8105,18,B+,4,4,2,4,2,2,4,1,4,1,2,4,3,4,2,3,1,3,2.875,3.0,2.25,2.68125,B
8110,18,B,4,4,1,4,2,2,1,2,3,2,1,4,3,2,2,4,4,3,2.5,2.5,3.25,2.77,B+
8114,19,B,2,2,1,4,2,2,1,1,3,1,1,2,3,4,1,4,1,3,1.875,2.3333333333333335,2.25,2.1245833333333333,C
8131,18,B,4,4,2,4,3,2,4,2,2,2,1,2,4,4,1,4,1,3,3.125,2.5,2.25,2.65375,B
8150,18,A+,4,3,1,4,2,2,2,2,4,2,1,2,4,2,1,4,4,3,2.5,2.5,3.0,2.68,B
8163,19,A+,2,2,1,4,2,2,2,2,2,2,2,2,4,2,1,4,4,3,2.125,2.3333333333333335,3.0,2.4920833333333334,B-
8201,19,B,2,4,1,4,2,4,2,1,3,2,2,4,3,1,2,4,1,3,2.5,2.5,2.5,2.5,B-
8210,19,A,2,2,2,4,2,4,1,1,4,2,2,2,3,4,2,4,1,3,2.25,2.8333333333333335,2.5,2.4858333333333333,B-
8213,18,B,4,4,1,4,2,4,4,2,4,1,1,2,3,4,4,2,1,3,3.125,2.5,2.5,2.74375,B+
8215,18,A+,3,4,4,4,2,2,2,2,4,2,2,2,4,3,4,3,3,3,2.875,2.8333333333333335,3.25,2.9995833333333333,A
8222,23,C,4,4,1,4,4,4,1,1,2,1,1,2,3,4,1,4,1,3,2.875,2.1666666666666665,2.25,2.472916666666667,B-
8249,19,C,4,4,1,4,1,4,1,1,4,1,1,-2147483648,3,4,1,2,1,3,2.5,2.1666666666666665,1.75,2.1466666666666665,C
8261,18,B,2,4,1,4,2,2,2,1,2,4,4,2,3,4,4,2,1,3,2.25,3.1666666666666665,2.5,2.569166666666667,B
8271,18,B+,3,2,1,4,2,4,1,2,4,2,2,2,4,2,2,4,4,3,2.375,2.6666666666666665,3.25,2.7629166666666665,B+
8374,21,B-,4,4,1,4,2,4,1,1,4,1,1,2,3,4,1,4,1,3,2.625,2.5,2.25,2.4587499999999998,B-
8404,3,B+,4,4,1,4,2,2,2,2,4,1,1,2,3,2,1,2,4,3,2.625,2.1666666666666665,2.5,2.4654166666666666,B-
8411,17,B,4,4,1,4,2,2,2,1,4,1,1,2,3,4,1,2,1,3,2.5,2.5,1.75,2.23,C
8429,5,C-,4,4,1,4,2,2,1,1,4,1,1,4,3,1,1,3,1,3,2.375,2.3333333333333335,2.0,2.2295833333333333,C
8442,5,C,4,4,1,4,1,4,1,1,4,1,1,2,3,4,1,2,1,3,2.5,2.5,1.75,2.23,C
8443,5,B,2,2,1,4,4,4,4,4,4,4,4,4,3,2,1,2,4,3,3.125,3.5,2.5,2.99375,A
8454,19,A+,2,2,1,4,4,2,2,2,2,1,2,4,4,3,1,4,4,3,2.375,2.6666666666666665,3.0,2.6729166666666666,B
8463,14,B,4,4,2,4,2,2,1,4,4,1,1,2,3,3,1,4,4,3,2.875,2.3333333333333335,3.0,2.7845833333333334,B+
8464,24,B+,2,2,1,4,1,4,4,1,4,2,2,4,4,3,2,4,3,3,2.375,3.1666666666666665,3.0,2.7979166666666666,B+
8466,15,B-,4,4,1,4,4,1,1,1,4,1,1,2,3,2,1,3,4,3,2.5,2.1666666666666665,2.75,2.506666666666667,B
8467,25,B+,4,4,2,4,4,2,4,4,4,1,1,4,3,2,1,4,4,3,3.5,2.5,3.0,3.0700000000000003,A
8478,23,B-,3,2,1,4,4,4,1,1,4,1,1,2,3,3,1,4,1,3,2.5,2.3333333333333335,2.25,2.3683333333333336,B-
8481,8,B,3,4,1,4,2,4,2,1,4,1,1,-2147483648,3,1,1,4,1,3,2.625,1.6666666666666667,2.25,2.2504166666666667,C
8482,24,C,4,2,1,4,4,1,4,4,3,1,1,2,3,2,1,3,4,3,3.0,2.0,2.75,2.66,B
8488,17,B-,3,3,1,4,4,4,4,1,2,1,1,2,3,4,1,3,1,3,3.0,2.1666666666666665,2.0,2.4316666666666666,B-
8499,19,C,3,2,1,2,2,4,4,1,4,1,1,2,3,2,1,3,4,3,2.375,2.1666666666666665,2.75,2.4579166666666667,B-
8996,21,B+,3,4,1,4,4,2,4,2,2,1,1,2,3,3,1,2,1,3,3.0,2.0,1.75,2.3,C
9802,5,B,4,4,1,4,2,2,1,2,4,1,4,-2147483648,3,3,4,3,1,3,2.5,2.5,2.75,2.59,B
9902,25,B-,4,4,1,4,4,4,1,1,2,1,1,2,3,1,1,4,1,3,2.875,1.6666666666666667,2.25,2.347916666666667,B-
9904,5,B+,2,2,1,4,2,2,4,2,4,2,2,2,4,2,2,4,4,3,2.375,2.6666666666666665,3.25,2.7629166666666665,B+
9905,17,B-,3,2,1,4,1,4,2,1,4,1,1,-2147483648,3,2,1,4,4,3,2.25,1.8333333333333333,3.0,2.4158333333333335,B-
9907,17,B+,2,4,2,4,4,2,4,4,2,2,2,2,4,2,2,4,4,3,3.25,2.3333333333333335,3.25,3.0208333333333335,A
9910,5,A,2,3,2,4,2,2,4,4,2,2,2,4,3,2,2,4,4,3,2.875,2.5,3.25,2.91625,B+
9911,24,B,4,2,1,4,2,4,2,1,2,1,1,-2147483648,3,2,2,4,4,3,2.5,1.5,3.25,2.52,B
9912,19,B-,2,2,1,2,4,1,1,1,2,1,1,-2147483648,3,4,1,4,1,3,1.75,1.8333333333333333,2.25,1.9508333333333332,C-
9914,23,B-,2,4,1,4,2,2,2,2,2,1,1,4,3,4,1,4,1,3,2.375,2.5,2.25,2.36125,B-
9919,3,A,4,4,1,4,2,3,2,4,4,1,1,4,3,4,1,4,1,3,3.0,2.8333333333333335,2.25,2.6883333333333335,B
9921,23,B+,4,2,4,4,2,2,2,2,2,1,1,2,3,2,4,2,4,3,2.75,1.8333333333333333,3.25,2.700833333333333,B
9924,24,A,4,2,2,4,2,2,1,2,2,2,2,4,3,3,1,4,4,3,2.375,2.6666666666666665,3.0,2.6729166666666666,B
9927,16,B+,4,3,1,4,4,4,2,1,2,1,1,2,3,1,1,2,1,3,2.875,1.6666666666666667,1.75,2.1679166666666667,C
9929,8,B,2,4,1,4,1,4,1,1,4,1,1,4,3,2,1,4,4,3,2.25,2.5,3.0,2.5825,B
9930,14,A,4,2,1,4,2,2,2,2,3,2,2,2,4,4,2,4,1,3,2.375,2.8333333333333335,2.5,2.5345833333333334,B
9934,24,B+,2,2,1,4,1,4,1,1,3,1,2,2,4,1,1,3,1,3,2.0,2.1666666666666665,2.0,2.041666666666667,C
9935,24,B,4,4,1,2,1,2,1,1,3,1,1,2,3,1,1,4,1,3,2.0,1.8333333333333333,2.25,2.0483333333333333,C
9938,3,B+,2,2,1,4,1,2,1,1,4,1,1,2,3,1,1,4,1,3,1.75,2.0,2.25,1.9925000000000002,C-
9939,15,B+,4,2,1,4,1,1,1,1,4,1,2,2,4,1,1,4,1,3,1.875,2.3333333333333335,2.25,2.1245833333333333,C
9942,22,B,4,2,1,4,1,1,1,1,4,1,4,-2147483648,3,1,4,3,1,3,1.875,2.1666666666666665,2.75,2.2629166666666665,C
9944,3,B-,4,4,1,4,1,1,1,1,4,1,1,3,3,1,1,3,1,3,2.125,2.1666666666666665,2.0,2.0904166666666666,C
9958,16,B,4,4,1,4,1,1,1,1,2,1,1,-2147483648,4,1,2,3,1,3,2.125,1.5,2.25,2.01375,C-
